34,A2,85355,B0,13,C0,D0,E0,0,0,40
48,A2,207120,B5,10,C3,D0,E0,0,0,40
28,A4,229223,B7,11,C3,D0,E1,7688,0,36
20,A2,224640,B6,12,C1,D0,E1,0,0,40
39,A2,139012,B0,13,C0,D2,E0,0,0,40
40,A3,130749,B5,10,C1,D1,E1,0,0,40
28,A2,204516,B12,6,C7,D0,E0,0,0,45
20,A2,105479,B5,10,C5,D0,E1,0,0,25
41,A2,197093,B0,13,C3,D1,E0,0,0,40
49,A5,431245,B5,10,C5,D0,E0,0,0,50
24,A2,155150,B1,9,C9,D0,E0,0,0,40
35,A0,216035,B1,9,C11,D0,E0,0,0,40
22,A2,388247,B5,10,C5,D0,E0,0,0,40
23,A2,208908,B0,13,C4,D0,E1,0,0,30
23,A2,259301,B1,9,C1,D0,E1,0,0,40
42,A1,69333,B7,11,C7,D0,E0,4386,0,80
34,A2,167893,B5,10,C3,D0,E0,0,0,64
32,A3,386877,B7,11,C10,D1,E0,4650,0,40
54,A2,146551,B1,9,C0,D0,E0,0,0,54
48,A2,238360,B0,13,C0,D2,E1,0,0,40
38,A2,187748,B0,13,C3,D0,E0,0,0,40
48,A0,50748,B0,13,C0,D0,E1,0,0,40
22,A2,50136,B11,3,C4,D0,E0,0,0,40
42,A2,111483,B0,13,C10,D0,E0,0,0,50
31,A2,298871,B9,16,C3,D2,E0,0,0,40
27,A2,147340,B1,9,C4,D0,E1,0,0,50
57,A2,132704,B3,14,C3,D0,E0,10520,0,32
46,A0,327786,B7,11,C10,D0,E1,3325,0,42
44,A3,243636,B7,11,C6,D0,E0,0,0,40
42,A4,194417,B5,10,C11,D0,E0,0,0,40
24,A2,236696,B0,13,C1,D0,E0,0,0,40
38,A2,337130,B15,2,C6,D0,E0,0,0,40
29,A2,273051,B0,13,C1,D0,E0,0,0,52
38,A2,186191,B1,9,C6,D0,E0,0,0,55
33,A2,268451,B5,10,C1,D0,E1,0,0,40
61,A2,154600,B1,9,C4,D0,E1,0,0,4
49,A4,405309,B7,11,C6,D0,E0,0,0,40
51,A1,99185,B6,12,C1,D0,E0,0,0,40
42,A2,191765,B1,9,C4,D1,E1,0,0,35
21,A2,253583,B1,9,C2,D0,E0,0,0,40
54,A2,204397,B5,10,C8,D0,E0,0,0,50
23,A2,288771,B5,10,C0,D0,E1,0,0,30
52,A2,173987,B12,6,C6,D0,E0,0,0,40
28,A4,33662,B3,14,C3,D0,E1,7298,0,40
23,A2,91658,B5,10,C2,D0,E0,0,0,40
43,A2,226902,B1,9,C5,D0,E0,0,0,80
45,A2,232586,B5,10,C6,D0,E0,0,0,50
51,A1,291755,B8,4,C1,D0,E0,0,0,42
23,A2,161478,B5,10,C5,D2,E1,0,0,40
73,A1,109833,B0,13,C8,D0,E0,0,0,30
47,A1,229394,B2,7,C1,D0,E1,0,0,55
26,A2,491862,B7,11,C1,D1,E1,0,0,40
40,A2,311534,B1,9,C2,D0,E0,0,0,40
32,A1,420895,B0,13,C5,D0,E0,0,0,47
39,A2,226374,B12,6,C4,D1,E1,0,0,40
33,A3,101345,B0,13,C3,D0,E1,0,0,40
35,A2,48779,B1,9,C8,D0,E0,0,0,35
42,A2,152676,B1,9,C1,D0,E0,0,0,40
46,A2,164877,B5,10,C6,D0,E0,0,0,44
33,A2,97521,B1,9,C0,D0,E0,0,0,40
47,A2,88564,B11,3,C9,D0,E0,0,0,20
33,A2,188246,B0,13,C1,D0,E0,0,0,40
26,A2,189185,B1,9,C0,D0,E1,0,0,40
42,A0,163069,B5,10,C0,D1,E1,0,0,40
28,A2,251905,B0,13,C3,D0,E0,0,0,50
29,A2,112403,B11,3,C9,D0,E0,0,0,40
18,A2,36882,B14,8,C5,D0,E1,0,0,20
33,A1,195891,B5,10,C1,D0,E0,0,0,45
36,A2,194905,B0,13,C3,D0,E1,0,0,44
33,A2,133503,B1,9,C11,D0,E0,7688,0,48
40,A2,31621,B1,9,C0,D0,E1,0,0,40
57,A1,413373,B9,16,C5,D0,E0,0,1902,40
40,A2,196029,B1,9,C7,D0,E0,0,0,45
36,A2,107302,B1,9,C10,D0,E0,0,0,50
45,A2,151267,B0,13,C0,D1,E1,0,0,40
52,A2,256861,B0,13,C1,D0,E0,0,0,50
24,A2,82777,B1,9,C9,D0,E0,0,0,40
30,A2,147430,B1,9,C0,D0,E1,0,0,40
46,A1,165754,B9,16,C3,D0,E1,0,0,45
36,A2,448337,B1,9,C5,D1,E1,0,0,40
48,A2,185079,B1,9,C1,D0,E1,0,0,50
36,A2,418702,B7,11,C0,D0,E1,0,0,40
48,A2,41504,B1,9,C7,D0,E0,0,0,40
21,A2,387335,B5,10,C10,D0,E1,0,1719,9
18,A2,261720,B1,9,C0,D0,E1,0,0,40
38,A2,133963,B0,13,C3,D0,E1,0,0,50
36,A0,179488,B0,13,C11,D0,E0,7298,0,55
38,A2,60135,B1,9,C7,D0,E1,0,0,40
55,A1,308746,B10,15,C3,D0,E0,0,0,55
27,A2,278720,B1,9,C6,D0,E0,0,0,45
22,A0,477505,B6,12,C0,D0,E0,0,0,40
29,A2,164711,B5,10,C2,D0,E0,0,0,40
40,A2,208277,B5,10,C1,D0,E1,0,0,40
21,A2,39943,B5,10,C5,D0,E1,0,0,20
49,A2,104542,B1,9,C0,D0,E1,0,0,40
29,A2,286634,B0,13,C3,D0,E1,0,0,50
28,A2,142712,B0,13,C1,D0,E0,0,0,50
26,A2,336404,B1,9,C11,D0,E0,0,0,40
33,A2,117983,B1,9,C0,D0,E1,0,0,41
59,A2,59469,B3,14,C10,D0,E0,0,0,40
37,A2,171968,B7,11,C0,D0,E0,0,0,40
27,A2,278617,B5,10,C6,D0,E0,0,0,40
39,A2,72338,B3,14,C3,D2,E0,0,0,40
49,A4,343231,B3,14,C3,D0,E1,0,0,80
30,A2,63910,B1,9,C5,D2,E1,0,0,40
28,A2,190350,B4,5,C11,D1,E1,0,0,40
25,A0,176162,B0,13,C11,D0,E0,0,0,40
18,A2,37720,B12,6,C9,D0,E0,0,0,40
25,A2,421467,B6,12,C2,D0,E0,0,0,26
36,A2,138441,B5,10,C9,D0,E0,0,0,40
52,A2,146767,B1,9,C9,D0,E0,0,0,40
25,A2,160445,B1,9,C6,D0,E0,0,0,40
26,A2,211695,B0,13,C3,D0,E0,0,0,40
50,A2,102346,B0,13,C1,D0,E1,0,2415,20
48,A2,128796,B6,12,C1,D0,E0,0,0,40
39,A2,111129,B1,9,C2,D0,E0,0,0,40
30,A4,44566,B0,13,C3,D0,E0,0,0,40
26,A2,118497,B1,9,C6,D0,E0,0,0,60
36,A2,334291,B5,10,C6,D0,E0,0,1887,40
49,A2,237920,B9,16,C5,D0,E0,0,0,60
34,A4,136331,B0,13,C3,D0,E0,0,0,60
28,A2,187397,B1,9,C4,D4,E0,0,0,48
28,A1,119793,B1,9,C4,D0,E0,0,0,40
42,A2,24982,B5,10,C6,D0,E0,7688,0,40
26,A1,231714,B1,9,C6,D0,E0,0,0,40
54,A2,229272,B1,9,C6,D1,E0,0,0,40
61,A1,268831,B1,9,C5,D0,E0,0,0,53
45,A1,149640,B10,15,C3,D0,E0,0,0,30
29,A2,261725,B0,13,C0,D0,E1,0,0,35
74,A2,161387,B1,9,C2,D0,E1,0,0,16
61,A4,260167,B1,9,C3,D0,E1,0,0,40
27,A2,200928,B5,10,C5,D0,E0,0,0,22
53,A3,155594,B0,13,C3,D0,E0,0,0,40
57,A1,79539,B1,9,C8,D2,E0,0,0,40
41,A2,469454,B5,10,C6,D0,E0,0,0,40
45,A2,331482,B0,13,C3,D0,E0,0,0,50
43,A2,225193,B1,9,C5,D0,E0,0,0,40
29,A2,82393,B1,9,C4,D2,E0,0,0,25
41,A2,58484,B0,13,C1,D0,E1,0,0,40
31,A4,156464,B0,13,C3,D0,E0,0,0,40
50,A2,344621,B1,9,C9,D0,E1,0,0,40
52,A2,174752,B1,9,C5,D0,E0,0,0,60
18,A5,174202,B1,9,C7,D0,E0,0,0,60
26,A2,261203,B8,4,C4,D4,E1,0,0,30
57,A2,316000,B1,9,C6,D0,E0,0,0,40
63,A0,216871,B5,10,C0,D0,E0,0,1740,40
29,A2,246933,B1,9,C0,D0,E0,0,0,40
32,A1,112115,B0,13,C3,D0,E0,7688,0,40
34,A2,264651,B1,9,C9,D0,E0,0,0,40
43,A2,99185,B1,9,C0,D0,E1,0,0,58
39,A2,176186,B5,10,C9,D0,E0,0,0,40
28,A2,100219,B1,9,C9,D0,E0,0,0,45
32,A2,46691,B0,13,C0,D0,E1,0,0,40
28,A0,297735,B10,15,C3,D0,E0,0,0,90
40,A2,132222,B5,10,C9,D0,E0,4386,0,50
25,A2,189656,B0,13,C10,D0,E0,0,0,60
54,A4,224934,B3,14,C3,D0,E0,0,0,50
48,A5,149218,B0,13,C8,D0,E0,0,0,70
51,A2,158508,B5,10,C1,D0,E1,0,0,36
67,A0,261203,B8,4,C7,D0,E0,0,0,35
17,A2,309504,B12,6,C5,D0,E1,0,0,24
24,A0,324637,B5,10,C4,D0,E0,0,0,40
25,A2,267426,B1,9,C2,D0,E0,0,0,40
54,A2,46401,B5,10,C4,D0,E1,0,0,47
32,A2,114288,B1,9,C3,D0,E1,0,0,40
41,A3,193882,B1,9,C0,D0,E0,0,0,40
53,A2,311269,B1,9,C4,D0,E1,0,0,40
45,A2,156117,B7,11,C3,D0,E1,0,0,32
51,A2,222615,B1,9,C9,D0,E0,0,0,40
41,A0,106900,B3,14,C3,D0,E0,7298,0,60
40,A3,78036,B7,11,C3,D0,E1,0,0,65
27,A2,380560,B1,9,C8,D0,E0,0,0,40
41,A2,167106,B0,13,C0,D2,E0,3103,0,35
51,A2,289436,B0,13,C1,D0,E0,0,0,60
36,A2,749636,B5,10,C0,D0,E1,0,0,40
34,A5,154120,B1,9,C8,D0,E0,0,0,55
43,A2,105119,B1,9,C0,D0,E0,0,0,40
61,A3,181081,B1,9,C0,D1,E1,0,0,20
31,A2,182237,B12,6,C7,D0,E0,0,0,40
34,A2,102130,B1,9,C5,D0,E0,0,0,65
43,A2,266324,B1,9,C6,D0,E0,0,1902,99
52,A2,170562,B14,8,C6,D0,E0,0,0,40
18,A2,240543,B2,7,C4,D0,E1,0,0,20
37,A3,187046,B5,10,C3,D0,E0,0,0,40
60,A2,389254,B1,9,C0,D0,E0,0,0,40
47,A2,179955,B5,10,C7,D0,E1,0,0,25
21,A2,197997,B5,10,C0,D0,E0,0,0,30
34,A5,343789,B0,13,C1,D0,E0,7688,0,55
28,A2,191088,B1,9,C4,D0,E1,0,1741,52
40,A4,141649,B7,11,C11,D0,E0,0,0,40
26,A2,433906,B6,12,C4,D0,E0,0,0,40
48,A2,207982,B5,10,C4,D1,E1,0,0,40
46,A2,175925,B5,10,C8,D0,E0,0,0,40
58,A2,85767,B5,10,C5,D0,E0,0,0,48
32,A5,281030,B1,9,C6,D0,E0,0,0,40
38,A2,396595,B5,10,C6,D2,E0,0,0,40
43,A1,163108,B5,10,C8,D0,E0,0,0,99
17,A2,141590,B2,7,C13,D0,E1,0,0,12
36,A2,137421,B14,8,C7,D2,E0,0,0,45
36,A2,67728,B1,9,C6,D0,E0,5013,0,40
30,A2,345522,B1,9,C7,D0,E0,3103,0,70
45,A2,330087,B1,9,C6,D0,E0,0,0,40
51,A1,204322,B1,9,C7,D0,E0,0,0,50
29,A2,50295,B5,10,C1,D0,E0,0,0,48
35,A1,147258,B7,11,C8,D0,E0,0,0,65
19,A2,194260,B5,10,C5,D0,E1,0,0,20
56,A2,437727,B4,5,C5,D0,E0,0,0,40
24,A2,280960,B1,9,C9,D0,E1,0,0,24
33,A2,33117,B6,12,C11,D0,E0,0,0,40
43,A2,169628,B0,13,C5,D1,E1,0,0,35
22,A0,124942,B5,10,C4,D0,E0,0,0,45
44,A2,143368,B5,10,C4,D1,E0,0,0,55
37,A2,255621,B1,9,C6,D0,E0,0,0,50
34,A5,154227,B5,10,C5,D0,E0,0,0,75
43,A2,171438,B7,11,C5,D0,E1,0,0,45
39,A2,191524,B1,9,C0,D0,E1,0,0,40
30,A2,377017,B5,10,C2,D0,E0,0,0,32
58,A2,192806,B8,4,C2,D0,E1,0,0,33
45,A4,234195,B1,9,C0,D0,E1,0,0,35
30,A2,147596,B5,10,C0,D1,E1,0,0,40
42,A2,147251,B5,10,C3,D0,E1,0,0,36
50,A2,176157,B3,14,C1,D0,E0,0,0,50
25,A4,176162,B7,11,C11,D0,E0,0,0,30
34,A2,384150,B0,13,C1,D0,E0,0,0,40
50,A2,107665,B5,10,C5,D0,E0,0,0,40
60,A0,165827,B9,16,C3,D0,E0,0,0,55
41,A2,287306,B6,12,C3,D0,E0,15024,0,60
71,A1,78786,B8,4,C8,D0,E0,0,0,10
40,A1,33310,B10,15,C4,D0,E1,0,2339,35
22,A2,349368,B0,13,C1,D0,E1,0,0,30
52,A2,117674,B0,13,C3,D0,E0,0,0,38
30,A2,310889,B5,10,C2,D0,E0,0,0,55
40,A2,379919,B5,10,C9,D0,E0,0,0,40
31,A3,34862,B6,12,C5,D2,E0,0,0,40
44,A2,201723,B0,13,C1,D0,E0,15024,0,45
38,A4,161463,B10,15,C3,D1,E0,0,0,40
46,A2,186410,B10,15,C1,D0,E0,0,0,50
57,A3,62020,B10,15,C1,D1,E0,0,0,55
39,A2,42044,B2,7,C7,D0,E0,0,0,40
42,A2,170230,B0,13,C1,D0,E1,0,0,55
43,A2,341358,B7,11,C5,D0,E0,0,0,40
22,A2,199426,B5,10,C5,D0,E1,0,0,17
44,A2,89172,B0,13,C6,D0,E0,0,0,50
37,A2,140673,B5,10,C5,D0,E1,0,0,40
26,A0,326033,B0,13,C0,D0,E1,0,0,80
35,A2,129305,B1,9,C4,D0,E0,0,0,30
28,A2,171067,B1,9,C2,D0,E1,0,0,40
34,A2,143582,B5,10,C0,D2,E1,0,0,35
18,A2,257980,B1,9,C9,D0,E0,0,0,40
25,A2,182866,B1,9,C9,D0,E0,0,0,40
44,A5,69333,B0,13,C6,D0,E0,0,0,50
61,A2,668362,B15,2,C2,D0,E1,0,0,40
39,A2,132879,B5,10,C1,D0,E0,0,0,50
61,A2,181219,B0,13,C3,D0,E0,0,1848,40
22,A2,120518,B1,9,C0,D0,E1,0,0,40
19,A2,183532,B5,10,C2,D0,E0,0,0,25
45,A2,49298,B0,13,C10,D0,E0,0,0,40
20,A2,157332,B5,10,C0,D0,E1,0,0,25
37,A2,213726,B1,9,C9,D2,E1,0,0,40
26,A2,31143,B5,10,C6,D0,E0,0,0,40
26,A2,184872,B0,13,C1,D0,E1,0,0,55
58,A2,202652,B1,9,C4,D0,E1,0,0,40
64,A2,60940,B1,9,C5,D0,E1,8614,0,50
19,A2,292590,B1,9,C5,D0,E1,0,0,25
36,A2,141420,B0,13,C2,D0,E0,0,0,30
47,A2,159389,B6,12,C0,D0,E1,0,0,40
62,A2,254534,B5,10,C5,D0,E0,0,0,40
36,A0,89508,B10,15,C3,D0,E0,0,0,40
38,A1,238980,B5,10,C5,D0,E0,0,0,60
54,A2,178946,B1,9,C6,D0,E0,0,0,48
31,A2,204752,B0,13,C1,D0,E0,0,0,50
26,A2,290213,B5,10,C8,D0,E0,0,0,40
50,A2,102615,B1,9,C1,D0,E0,0,1902,40
41,A2,291965,B5,10,C10,D2,E1,0,0,40
52,A4,175339,B0,13,C11,D0,E0,0,0,40
28,A2,90547,B1,9,C4,D1,E1,0,0,23
46,A1,101722,B5,10,C1,D0,E0,3137,0,40
30,A5,204470,B5,10,C1,D0,E0,0,0,36
58,A4,311409,B3,14,C3,D1,E0,7688,0,30
31,A2,190027,B1,9,C4,D1,E1,0,0,40
36,A2,218015,B5,10,C9,D0,E0,0,0,48
31,A0,77634,B13,1,C4,D0,E0,0,0,24
52,A1,42984,B10,15,C3,D0,E0,0,0,70
29,A2,413297,B5,10,C1,D0,E0,3411,0,70
48,A1,218835,B3,14,C5,D0,E0,0,0,50
30,A2,341051,B3,14,C1,D0,E0,15024,0,60
58,A2,252419,B2,7,C7,D0,E0,0,0,50
20,A3,347935,B5,10,C11,D1,E0,0,0,40
19,A2,237848,B5,10,C4,D0,E0,0,0,3
63,A2,174826,B1,9,C4,D0,E1,0,0,40
51,A1,170086,B0,13,C10,D0,E0,0,0,45
53,A2,470368,B6,12,C0,D0,E1,0,0,48
54,A3,75235,B1,9,C1,D0,E0,5178,0,40
26,A2,746432,B1,9,C2,D1,E0,0,0,48
47,A1,258498,B5,10,C4,D0,E1,0,0,52
44,A2,176063,B0,13,C1,D0,E0,0,0,45
80,A1,26865,B8,4,C8,D0,E0,0,0,20
55,A2,104724,B9,16,C3,D0,E0,0,0,40
43,A2,346321,B3,14,C3,D0,E0,0,0,45
49,A2,402462,B0,13,C7,D0,E0,0,0,30
27,A2,153078,B10,15,C3,D2,E0,0,0,40
42,A2,176063,B7,11,C1,D0,E0,15024,0,55
39,A2,451059,B4,5,C2,D0,E0,0,0,40
32,A2,106437,B1,9,C0,D0,E1,0,0,40
58,A4,294313,B5,10,C0,D1,E1,0,0,55
63,A2,67903,B4,5,C8,D1,E0,0,0,40
49,A2,133669,B5,10,C0,D0,E0,0,0,40
36,A5,251730,B5,10,C11,D0,E0,0,0,60
46,A2,72896,B5,10,C1,D0,E0,0,0,50
47,A2,155664,B3,14,C1,D0,E0,99999,0,55
39,A2,206520,B1,9,C0,D0,E0,0,0,45
33,A2,72338,B10,15,C1,D2,E0,0,0,65
43,A4,34640,B1,9,C1,D4,E0,0,1887,40
30,A2,236543,B5,10,C3,D0,E0,0,0,68
39,A4,43702,B7,11,C0,D0,E1,0,0,37
44,A2,335248,B5,10,C0,D0,E1,0,0,40
27,A2,198197,B0,13,C10,D0,E0,0,0,45
31,A2,160594,B6,12,C3,D0,E0,0,0,3
34,A4,231826,B1,9,C3,D0,E0,0,0,40
28,A2,188171,B6,12,C7,D0,E0,0,0,60
55,A2,125000,B1,9,C9,D0,E0,0,0,40
36,A2,166509,B1,9,C6,D0,E1,0,0,40
42,A2,402367,B5,10,C7,D1,E0,7688,0,45
67,A4,204123,B0,13,C3,D0,E0,0,0,10
53,A5,220786,B5,10,C5,D0,E1,0,0,60
43,A2,254146,B5,10,C6,D0,E0,0,1902,40
29,A4,152461,B0,13,C10,D0,E1,0,0,42
19,A2,223669,B5,10,C4,D0,E0,0,0,30
51,A2,120270,B7,11,C5,D0,E0,0,0,40
21,A1,304602,B7,11,C8,D0,E0,0,0,98
54,A2,24108,B5,10,C1,D0,E1,0,0,40
42,A1,32546,B10,15,C3,D0,E0,7430,0,40
41,A2,93885,B5,10,C5,D0,E1,0,0,48
28,A2,210765,B1,9,C6,D0,E0,0,0,40
31,A2,191276,B7,11,C2,D0,E1,0,0,40
82,A1,71438,B1,9,C8,D0,E0,0,0,20
23,A2,330571,B0,13,C3,D0,E1,0,0,16
40,A4,138634,B1,9,C1,D0,E0,0,0,40
35,A2,112264,B1,9,C5,D0,E0,0,0,50
24,A2,205865,B1,9,C5,D0,E0,0,0,45
21,A2,224640,B5,10,C5,D0,E1,0,0,40
27,A2,180758,B5,10,C2,D0,E0,0,0,30
40,A1,107762,B0,13,C1,D0,E0,0,0,45
17,A2,214787,B14,8,C0,D0,E1,0,0,25
27,A2,211032,B15,2,C6,D0,E0,0,0,40
34,A2,208353,B1,9,C9,D0,E0,0,0,40
18,A2,157273,B12,6,C4,D1,E0,0,0,15
39,A2,75891,B0,13,C10,D0,E1,0,0,40
34,A5,177675,B5,10,C1,D0,E0,0,0,65
44,A2,182370,B1,9,C6,D0,E0,0,0,40
39,A2,174242,B0,13,C1,D0,E0,15024,0,60
28,A2,95566,B15,2,C4,D4,E1,0,0,35
30,A2,30290,B1,9,C9,D0,E1,0,0,40
60,A2,240951,B1,9,C0,D0,E1,0,0,40
58,A2,183810,B1,9,C4,D0,E0,0,0,24
49,A2,94342,B0,13,C6,D0,E0,0,0,60
61,A5,148577,B1,9,C5,D0,E0,0,0,55
27,A2,103634,B1,9,C0,D0,E0,0,0,38
59,A1,83542,B6,12,C10,D0,E0,0,0,40
52,A3,76131,B5,10,C1,D2,E1,0,0,40
42,A3,262402,B0,13,C1,D0,E1,0,0,40
27,A2,198286,B5,10,C4,D0,E1,0,0,34
41,A5,145441,B3,14,C1,D0,E0,0,0,50
50,A4,117496,B0,13,C3,D0,E1,0,0,24
36,A2,128876,B12,6,C6,D0,E0,0,0,40
21,A2,199698,B1,9,C8,D0,E0,0,0,45
38,A2,65390,B6,12,C6,D0,E0,0,0,45
46,A2,128645,B5,10,C3,D0,E1,0,0,40
59,A2,53481,B5,10,C5,D0,E0,0,0,50
55,A2,92215,B1,9,C0,D0,E1,0,0,45
49,A4,78859,B3,14,C3,D0,E1,0,323,20
59,A5,187502,B5,10,C6,D0,E0,0,0,50
38,A2,242080,B5,10,C5,D0,E0,0,0,55
22,A2,41837,B5,10,C7,D0,E0,0,0,25
28,A2,291374,B14,8,C5,D1,E1,0,0,40
47,A2,148995,B0,13,C1,D0,E0,0,2415,60
59,A2,159008,B5,10,C11,D0,E0,0,0,56
37,A2,271013,B1,9,C2,D0,E0,0,0,40
33,A2,199046,B0,13,C5,D0,E1,0,0,40
34,A2,164280,B12,6,C2,D0,E0,0,0,40
35,A4,116960,B3,14,C3,D0,E0,0,1887,40
55,A2,100054,B12,6,C4,D0,E0,0,0,40
18,A2,183824,B14,8,C4,D0,E0,0,0,30
48,A2,313925,B6,12,C3,D0,E1,0,0,30
48,A2,379883,B3,14,C3,D0,E0,0,0,40
27,A2,189777,B1,9,C6,D0,E0,0,0,40
43,A2,198330,B3,14,C3,D1,E1,0,0,37
32,A2,127451,B5,10,C3,D0,E0,0,0,38
50,A2,301024,B0,13,C5,D0,E0,0,0,40
38,A1,175732,B1,9,C6,D3,E0,0,0,15
18,A2,218889,B4,5,C4,D1,E0,0,0,35
46,A2,117605,B4,5,C5,D0,E0,0,0,35
26,A2,154571,B5,10,C9,D2,E0,0,0,45
44,A2,228057,B8,4,C9,D0,E1,0,0,40
32,A2,173998,B5,10,C0,D0,E1,0,0,60
25,A2,90752,B0,13,C0,D0,E1,0,0,40
55,A2,51008,B1,9,C0,D0,E1,0,0,40
55,A3,113398,B5,10,C0,D0,E0,0,0,40
25,A2,74977,B5,10,C0,D0,E1,0,0,40
40,A2,101593,B0,13,C3,D0,E0,0,0,50
29,A2,228346,B7,11,C6,D0,E0,0,0,50
60,A2,180418,B2,7,C6,D0,E0,0,0,40
45,A2,44489,B1,9,C7,D0,E0,0,0,45
43,A1,277488,B1,9,C8,D0,E0,0,0,30
24,A2,103064,B1,9,C5,D0,E1,0,0,55
34,A2,226872,B0,13,C5,D0,E1,0,0,40
47,A1,330416,B5,10,C8,D0,E0,0,0,60
24,A2,186495,B1,9,C0,D0,E1,0,0,32
47,A0,205712,B5,10,C4,D0,E0,0,0,38
18,A2,217743,B2,7,C5,D0,E1,0,0,40
50,A5,52565,B5,10,C5,D0,E0,0,1485,40
22,A2,239954,B5,10,C0,D0,E0,0,0,40
49,A1,349986,B0,13,C3,D0,E0,0,0,60
41,A2,117585,B1,9,C1,D0,E0,0,1485,40
68,A1,122094,B1,9,C6,D0,E0,0,0,15
62,A1,26857,B8,4,C8,D0,E1,0,0,35
25,A4,192321,B0,13,C3,D0,E1,0,0,40
24,A2,88095,B5,10,C9,D0,E1,0,0,24
44,A2,144067,B0,13,C0,D0,E0,0,0,12
32,A2,124187,B4,5,C8,D1,E0,0,0,40
49,A2,123681,B3,14,C3,D0,E0,0,0,43
68,A2,145638,B5,10,C5,D0,E1,0,0,40
25,A2,130513,B6,12,C5,D0,E1,0,0,40
47,A3,197038,B0,13,C3,D0,E0,0,0,50
35,A2,189092,B0,13,C1,D0,E0,0,0,40
37,A1,198841,B2,7,C7,D0,E0,0,0,40
57,A2,317969,B1,9,C1,D0,E0,0,0,50
37,A2,103121,B0,13,C1,D0,E1,0,1848,40
34,A2,111589,B12,6,C4,D1,E1,0,0,40
46,A4,267952,B7,11,C1,D0,E1,0,0,36
21,A2,63899,B2,7,C0,D0,E1,0,0,40
26,A2,473625,B1,9,C4,D0,E1,0,0,30
45,A2,187901,B1,9,C8,D0,E0,0,2258,44
17,A2,24090,B1,9,C1,D0,E1,0,0,35
36,A5,102729,B6,12,C3,D0,E0,0,0,70
33,A2,91666,B14,8,C1,D0,E0,0,0,40
27,A2,215873,B1,9,C9,D1,E0,0,0,40
32,A2,152109,B1,9,C6,D0,E0,0,0,48
24,A2,175586,B1,9,C9,D1,E1,0,0,40
37,A2,232614,B1,9,C4,D1,E1,0,0,30
53,A0,229465,B9,16,C3,D0,E0,0,0,50
44,A2,147110,B5,10,C0,D0,E0,14344,0,40
43,A4,161240,B1,9,C11,D0,E0,0,0,45
29,A2,358124,B1,9,C4,D1,E1,0,0,52
47,A2,222529,B0,13,C8,D0,E0,0,0,65
37,A1,338320,B3,14,C1,D0,E0,0,0,60
43,A5,62026,B10,15,C1,D0,E0,99999,0,40
23,A2,263886,B5,10,C5,D1,E1,0,0,20
50,A2,310774,B0,13,C5,D0,E0,0,0,35
25,A2,98155,B5,10,C3,D0,E0,0,0,40
40,A2,259307,B5,10,C1,D0,E0,0,0,50
39,A2,358753,B7,11,C6,D0,E0,7688,0,40
41,A2,29762,B1,9,C6,D0,E0,0,0,52
32,A2,202729,B1,9,C7,D0,E0,0,0,40
19,A2,28790,B5,10,C4,D0,E1,0,0,40
26,A2,53209,B1,9,C4,D0,E0,0,0,40
30,A4,169020,B0,13,C3,D0,E0,0,0,40
34,A2,127195,B5,10,C1,D0,E0,0,0,40
41,A2,211731,B5,10,C0,D0,E1,0,0,40
42,A1,126614,B0,13,C1,D4,E0,0,0,30
45,A2,259463,B7,11,C3,D0,E0,0,0,40
22,A2,228411,B5,10,C1,D0,E0,0,0,35
25,A2,117827,B5,10,C0,D0,E0,0,0,40
22,A3,57216,B5,10,C0,D1,E0,0,0,20
46,A0,250821,B10,15,C1,D0,E0,15024,0,40
48,A5,88564,B5,10,C8,D0,E0,0,0,45
45,A2,172822,B1,9,C9,D0,E0,0,0,52
19,A2,251579,B5,10,C4,D0,E0,0,0,14
31,A2,118399,B2,7,C9,D0,E0,0,0,40
30,A5,178383,B5,10,C6,D1,E0,0,0,70
40,A1,170866,B6,12,C8,D0,E0,0,0,50
22,A2,203894,B5,10,C5,D0,E1,0,0,15
25,A2,237065,B5,10,C4,D1,E0,0,0,38
51,A4,108435,B3,14,C3,D0,E0,0,0,80
32,A2,93213,B6,12,C9,D0,E0,0,0,62
51,A5,231230,B0,13,C1,D0,E0,0,0,25
42,A2,386175,B5,10,C5,D0,E0,0,0,50
39,A2,128392,B1,9,C9,D0,E0,0,1887,40
24,A2,223515,B1,9,C6,D0,E0,0,0,45
52,A2,208630,B1,9,C0,D0,E1,0,1741,38
43,A2,174295,B3,14,C3,D0,E0,0,0,55
31,A2,60229,B1,9,C9,D0,E0,0,0,40
28,A2,66095,B1,9,C5,D0,E0,0,0,40
31,A3,130057,B3,14,C1,D0,E0,7688,0,60
61,A2,179743,B1,9,C6,D0,E0,0,2051,20
26,A2,192022,B0,13,C3,D0,E1,0,0,40
46,A2,45288,B0,13,C4,D0,E0,0,0,40
50,A2,99476,B3,14,C3,D0,E1,0,0,35
18,A2,41973,B2,7,C0,D0,E1,0,0,5
23,A2,162228,B0,13,C5,D0,E0,0,0,48
21,A2,211968,B5,10,C5,D0,E1,0,1762,28
46,A2,211226,B6,12,C7,D4,E0,0,0,36
38,A2,33397,B1,9,C5,D0,E1,0,0,40
53,A2,120839,B14,8,C8,D0,E0,0,0,40
53,A2,36327,B1,9,C5,D0,E0,0,0,40
50,A2,139703,B5,10,C6,D0,E0,0,0,40
26,A2,107827,B1,9,C4,D0,E0,0,0,25
46,A4,140219,B3,14,C3,D0,E1,8614,0,55
44,A4,203761,B0,13,C3,D0,E0,0,0,40
36,A4,114719,B3,14,C3,D0,E0,0,0,50
20,A2,344394,B5,10,C4,D0,E1,0,0,30
35,A2,195516,B8,4,C10,D0,E0,0,0,40
40,A0,31627,B0,13,C1,D0,E1,0,0,20
70,A2,174032,B1,9,C5,D0,E0,0,0,40
57,A2,226875,B8,4,C5,D0,E0,0,0,50
40,A2,566537,B13,1,C4,D0,E0,0,1672,40
18,A2,36162,B2,7,C6,D0,E0,0,0,5
45,A1,31478,B0,13,C5,D0,E0,2829,0,60
52,A2,294991,B0,13,C3,D0,E0,0,0,40
42,A5,161532,B0,13,C6,D1,E0,0,0,60
28,A4,332249,B1,9,C7,D0,E0,0,0,45
32,A2,268147,B7,11,C10,D0,E1,0,0,60
56,A3,317847,B0,13,C0,D0,E0,0,0,40
44,A2,52028,B15,2,C4,D2,E1,0,0,40
20,A2,184045,B5,10,C5,D1,E1,0,0,30
32,A2,206609,B0,13,C1,D0,E0,0,0,60
59,A2,152968,B5,10,C0,D0,E0,3325,0,40
21,A2,213015,B1,9,C2,D1,E0,2176,0,40
32,A2,313835,B3,14,C3,D0,E0,0,0,40
49,A2,66385,B1,9,C5,D0,E0,5013,0,40
22,A2,205940,B0,13,C0,D0,E1,1055,0,30
51,A5,260938,B5,10,C1,D0,E0,0,0,50
33,A2,60567,B1,9,C6,D0,E0,3411,0,40
23,A2,335067,B0,13,C5,D0,E0,0,0,50
34,A2,331126,B1,9,C4,D1,E0,0,0,30
53,A2,156612,B14,8,C7,D0,E1,0,0,40
44,A2,188436,B0,13,C0,D0,E0,0,0,45
60,A2,227468,B5,10,C11,D1,E1,0,0,40
55,A2,183580,B5,10,C6,D0,E0,0,0,38
57,A1,50990,B1,9,C8,D0,E0,0,0,30
59,A2,384246,B9,16,C3,D0,E0,0,0,50
30,A2,176410,B7,11,C3,D0,E1,7298,0,16
49,A2,93639,B0,13,C1,D0,E1,0,0,43
45,A2,30289,B14,8,C6,D0,E0,0,0,40
29,A5,124950,B0,13,C5,D0,E1,0,0,40
37,A1,126675,B1,9,C8,D0,E0,0,0,60
21,A2,145964,B14,8,C8,D0,E0,0,0,40
36,A0,345712,B1,9,C1,D0,E0,0,0,40
37,A2,180342,B0,13,C5,D0,E0,0,0,45
19,A2,167087,B1,9,C0,D0,E1,0,0,40
30,A2,318749,B7,11,C10,D0,E1,0,0,35
59,A3,293971,B5,10,C10,D0,E0,0,0,40
32,A2,229566,B7,11,C4,D0,E0,0,0,60
25,A2,242464,B0,13,C0,D0,E0,0,0,40
40,A2,111067,B0,13,C2,D0,E0,0,0,80
49,A4,106554,B0,13,C3,D0,E1,0,0,40
49,A2,23776,B5,10,C0,D0,E0,0,0,40
48,A2,105808,B4,5,C7,D0,E0,0,0,40
42,A2,169995,B5,10,C3,D0,E0,0,0,45
53,A2,141388,B2,7,C6,D0,E0,0,0,40
29,A1,241431,B1,9,C6,D0,E0,0,0,45
54,A1,158948,B1,9,C7,D0,E0,0,0,15
66,A2,115498,B0,13,C1,D0,E0,99999,0,55
34,A2,272411,B0,13,C0,D0,E1,0,0,40
39,A2,30529,B0,13,C1,D0,E0,0,1887,40
30,A2,190228,B1,9,C2,D0,E0,0,0,40
27,A2,126060,B0,13,C1,D0,E1,0,0,40
25,A2,391192,B7,11,C6,D0,E0,0,0,40
26,A2,214069,B1,9,C8,D0,E0,0,0,40
45,A2,170871,B1,9,C6,D0,E0,7298,0,60
55,A2,118993,B5,10,C1,D0,E1,0,0,10
26,A2,245880,B1,9,C4,D0,E0,0,0,40
45,A2,174794,B0,13,C3,D0,E1,0,0,56
61,A4,153408,B3,14,C3,D0,E1,0,0,40
26,A2,385278,B1,9,C1,D1,E0,0,0,60
44,A3,38434,B3,14,C3,D0,E1,0,0,40
45,A1,111679,B5,10,C6,D0,E0,0,0,30
55,A2,168956,B5,10,C0,D0,E1,0,0,40
20,A2,86143,B5,10,C4,D2,E0,0,0,30
48,A2,99835,B6,12,C1,D0,E0,0,0,50
33,A2,263561,B1,9,C6,D0,E0,0,0,60
44,A2,118536,B4,5,C9,D1,E0,0,0,40
32,A5,209691,B0,13,C6,D0,E0,0,0,50
54,A2,123374,B8,4,C6,D0,E0,0,0,40
40,A2,137225,B3,14,C1,D0,E0,0,0,40
29,A2,119359,B1,9,C3,D2,E1,0,0,10
56,A2,134153,B12,6,C0,D1,E0,0,0,40
47,A2,121124,B1,9,C6,D0,E0,0,0,40
22,A2,147655,B5,10,C10,D0,E1,0,0,40
46,A2,165138,B5,10,C7,D0,E0,0,0,45
24,A3,312017,B5,10,C1,D0,E0,0,0,40
37,A2,272950,B1,9,C6,D0,E0,0,0,40
49,A2,259323,B1,9,C6,D0,E0,0,0,40
44,A3,281739,B5,10,C0,D0,E0,13550,0,50
21,A2,119156,B1,9,C6,D0,E0,0,0,40
55,A2,165881,B1,9,C1,D0,E0,0,0,40
23,A0,136075,B0,13,C3,D0,E1,0,0,32
50,A2,187465,B2,7,C5,D0,E1,0,0,40
44,A2,328561,B7,11,C0,D0,E1,0,0,20
48,A2,350440,B5,10,C6,D2,E0,0,0,40
38,A1,109133,B3,14,C1,D0,E0,0,0,70
48,A2,109814,B10,15,C3,D0,E0,0,1977,45
39,A2,86643,B5,10,C6,D0,E0,0,0,50
52,A3,154521,B1,9,C0,D0,E0,0,0,44
63,A2,45912,B1,9,C4,D0,E1,0,0,40
48,A2,175070,B1,9,C1,D0,E1,0,2258,40
37,A2,338033,B3,14,C3,D0,E1,0,0,40
26,A0,158963,B3,14,C1,D0,E1,0,0,40
50,A5,121441,B2,7,C1,D0,E0,0,2444,40
47,A1,242391,B10,15,C3,D0,E0,15024,0,40
19,A2,119964,B1,9,C6,D0,E1,0,0,15
34,A2,193344,B5,10,C0,D0,E1,0,0,40
29,A4,45554,B5,10,C0,D0,E1,0,0,40
33,A2,249716,B1,9,C10,D0,E0,0,0,45
53,A2,58985,B5,10,C3,D0,E1,0,0,24
24,A2,456367,B1,9,C6,D0,E0,0,0,40
39,A2,117381,B5,10,C7,D0,E0,0,0,65
50,A1,240922,B6,12,C5,D0,E1,0,1408,5
31,A2,226443,B0,13,C3,D0,E0,0,0,40
22,A2,364342,B7,11,C5,D1,E1,0,0,25
42,A4,101593,B0,13,C11,D0,E0,0,0,42
23,A2,267471,B14,8,C5,D0,E1,0,0,25
22,A2,186849,B2,7,C5,D0,E0,0,0,50
65,A2,174603,B11,3,C9,D0,E1,0,0,10
34,A2,115040,B1,9,C6,D0,E0,0,0,44
23,A2,142766,B5,10,C0,D0,E0,1055,0,20
38,A2,59660,B0,13,C5,D0,E0,7298,0,40
45,A1,49595,B5,10,C1,D0,E0,0,0,80
19,A2,127491,B1,9,C4,D0,E0,0,0,40
46,A2,155933,B0,13,C9,D0,E1,0,1602,8
23,A2,122272,B5,10,C0,D0,E1,0,0,20
37,A2,143771,B1,9,C1,D0,E0,0,0,60
59,A2,91384,B0,13,C0,D0,E0,0,0,40
36,A0,135874,B0,13,C5,D0,E0,0,0,40
35,A2,207066,B0,13,C5,D0,E0,10520,0,45
51,A2,172493,B5,10,C1,D0,E1,0,0,12
42,A4,189956,B0,13,C3,D1,E1,0,0,30
35,A2,106967,B3,14,C5,D0,E1,0,0,40
20,A2,200153,B1,9,C4,D0,E1,0,0,38
25,A2,149943,B1,9,C4,D2,E0,4101,0,60
41,A2,151736,B12,6,C9,D0,E0,0,0,40
40,A2,67852,B1,9,C7,D0,E0,0,0,35
36,A2,54229,B6,12,C1,D0,E1,0,0,37
34,A5,154120,B3,14,C5,D0,E0,0,0,60
44,A1,157217,B0,13,C5,D0,E0,0,0,42
31,A3,381645,B0,13,C3,D0,E0,0,0,40
41,A4,160785,B1,9,C6,D0,E0,0,0,40
43,A2,133584,B5,10,C9,D0,E0,0,0,40
43,A2,170230,B3,14,C10,D0,E1,0,0,40
58,A2,250206,B12,6,C6,D0,E0,5178,0,40
19,A2,128363,B5,10,C5,D0,E1,0,0,30
43,A4,163434,B0,13,C11,D0,E0,0,0,55
50,A2,195690,B1,9,C2,D0,E0,0,0,45
44,A5,138991,B5,10,C1,D0,E0,0,0,50
46,A2,118419,B1,9,C9,D0,E0,0,0,38
52,A1,185407,B0,13,C1,D0,E0,0,0,50
52,A1,283079,B1,9,C3,D0,E0,0,0,50
18,A2,119655,B14,8,C0,D0,E1,0,0,12
29,A2,153416,B0,13,C1,D0,E1,0,0,55
34,A2,220362,B0,13,C1,D0,E0,0,0,40
23,A4,203078,B5,10,C11,D1,E0,0,0,40
64,A0,104361,B5,10,C0,D0,E1,0,0,65
68,A2,274096,B12,6,C7,D0,E0,0,0,20
42,A0,455553,B1,9,C0,D1,E1,0,0,40
41,A2,112283,B1,9,C6,D0,E0,0,0,60
41,A5,64506,B1,9,C8,D0,E0,0,0,50
22,A0,24395,B5,10,C0,D0,E1,0,0,20
67,A5,182581,B5,10,C1,D0,E0,20051,0,20
27,A2,100669,B5,10,C6,D2,E0,0,0,40
25,A2,178025,B3,14,C3,D0,E0,0,0,40
28,A2,55191,B6,12,C2,D0,E0,0,0,45
51,A3,223206,B9,16,C3,D2,E0,15024,0,40
23,A4,162551,B0,13,C3,D2,E1,0,0,35
19,A2,693066,B14,8,C4,D0,E1,0,0,15
33,A2,256362,B5,10,C4,D0,E0,0,0,35
53,A2,539864,B5,10,C6,D0,E0,0,0,20
35,A2,241153,B7,11,C10,D0,E0,0,0,40
31,A2,284395,B0,13,C5,D0,E0,0,0,40
18,A2,180039,B14,8,C5,D0,E1,0,0,20
45,A2,178416,B7,11,C2,D0,E1,0,0,40
28,A2,175710,B0,13,C0,D0,E1,0,0,30
22,A4,164775,B11,3,C2,D0,E0,0,0,40
55,A2,176897,B5,10,C10,D0,E0,0,0,40
45,A2,265097,B1,9,C4,D0,E0,0,1902,40
22,A2,193090,B1,9,C5,D0,E1,0,0,37
37,A2,186009,B1,9,C7,D0,E0,0,1672,60
28,A2,175262,B1,9,C9,D0,E0,0,0,40
19,A2,109928,B2,7,C5,D1,E1,0,0,35
37,A1,162834,B1,9,C5,D0,E0,0,1902,45
50,A2,177896,B9,16,C3,D0,E0,0,0,40
31,A2,181372,B1,9,C0,D0,E1,0,0,35
40,A2,70645,B13,1,C4,D0,E1,0,0,20
51,A2,128272,B4,5,C9,D0,E0,0,0,45
56,A2,106723,B1,9,C0,D0,E1,0,0,40
21,A2,122348,B5,10,C10,D0,E1,0,0,35
40,A2,177905,B7,11,C1,D0,E0,7688,0,44
22,A2,254547,B5,10,C1,D1,E1,0,0,40
47,A5,102308,B10,15,C3,D0,E0,0,2415,45
44,A2,33105,B1,9,C1,D3,E0,0,0,40
30,A2,215441,B5,10,C0,D4,E0,0,0,40
44,A4,197919,B5,10,C4,D0,E1,0,0,40
41,A2,206139,B1,9,C5,D0,E0,0,0,40
47,A2,117849,B6,12,C5,D0,E0,0,0,44
26,A2,323044,B5,10,C1,D0,E0,0,0,45
34,A2,90415,B7,11,C10,D1,E0,0,0,40
47,A2,294913,B10,15,C1,D0,E0,99999,0,40
36,A2,127573,B1,9,C0,D0,E1,0,0,38
21,A2,180190,B7,11,C8,D0,E0,0,0,46
45,A0,231013,B0,13,C11,D0,E0,0,0,40
33,A2,356015,B1,9,C6,D3,E0,0,0,35
33,A2,198069,B1,9,C9,D0,E0,0,0,65
58,A1,99141,B1,9,C8,D0,E1,0,0,10
31,A2,188246,B6,12,C6,D0,E0,0,0,50
32,A1,116508,B5,10,C8,D0,E0,0,0,50
44,A3,38434,B0,13,C1,D0,E1,0,0,40
24,A2,128477,B3,14,C3,D0,E1,0,0,40
35,A2,91839,B0,13,C4,D3,E0,7688,0,20
43,A2,409922,B0,13,C1,D0,E0,0,1977,50
49,A2,185041,B1,9,C9,D0,E0,0,0,40
37,A1,103925,B0,13,C5,D0,E1,0,0,50
42,A1,34037,B0,13,C8,D0,E0,0,0,35
31,A2,251659,B5,10,C4,D2,E0,0,1485,55
19,A2,57145,B1,9,C4,D0,E1,0,0,25
41,A2,182108,B9,16,C9,D0,E1,0,0,40
51,A5,213296,B1,9,C4,D0,E0,0,0,30
51,A5,28765,B10,15,C3,D0,E0,0,0,60
63,A2,37792,B12,6,C4,D0,E1,0,0,31
39,A3,232036,B5,10,C0,D0,E0,0,0,40
30,A2,33678,B1,9,C5,D0,E0,0,0,40
62,A6,159908,B5,10,C0,D0,E1,0,0,16
27,A2,176761,B1,9,C6,D4,E0,0,0,40
32,A2,260954,B2,7,C6,D0,E0,0,2042,30
37,A4,180342,B0,13,C4,D0,E0,0,0,40
47,A4,324791,B3,14,C3,D0,E0,0,1887,50
31,A2,183801,B3,14,C3,D0,E0,0,1902,43
42,A2,204235,B1,9,C5,D0,E0,0,0,40
37,A2,249720,B7,11,C5,D1,E1,0,0,32
60,A2,127084,B1,9,C11,D0,E0,0,2042,34
42,A4,201495,B5,10,C11,D0,E0,0,0,72
38,A2,447346,B5,10,C6,D0,E0,0,0,36
24,A2,206008,B6,12,C3,D1,E0,0,0,20
34,A2,286020,B1,9,C9,D0,E0,0,0,45
29,A4,169544,B5,10,C11,D0,E0,0,0,48
90,A2,313749,B1,9,C0,D0,E1,0,0,25
55,A2,89182,B14,8,C9,D0,E1,0,0,40
36,A2,258102,B1,9,C2,D0,E0,0,0,40
49,A2,255466,B5,10,C0,D0,E1,0,0,60
50,A2,38795,B0,13,C3,D0,E0,0,0,50
17,A2,311907,B2,7,C4,D0,E0,0,0,25
54,A2,171924,B1,9,C7,D0,E0,0,0,70
26,A2,164488,B0,13,C1,D0,E0,0,0,10
44,A2,297991,B6,12,C1,D2,E1,0,0,50
28,A2,478315,B0,13,C3,D1,E1,0,0,40
54,A4,34832,B9,16,C1,D0,E0,0,0,60
21,A2,67804,B4,5,C9,D1,E0,0,0,20
24,A2,34568,B7,11,C7,D0,E0,0,0,40
31,A2,47151,B1,9,C4,D0,E1,0,0,56
41,A2,318046,B5,10,C7,D0,E0,0,0,48
29,A2,363963,B1,9,C4,D0,E1,0,0,40
50,A2,92811,B0,13,C10,D0,E0,0,0,40
32,A2,33678,B5,10,C7,D0,E0,0,0,50
42,A2,66118,B5,10,C9,D0,E1,0,0,40
47,A2,160474,B1,9,C1,D0,E1,0,0,30
44,A2,159960,B5,10,C0,D0,E1,0,0,40
49,A2,242987,B0,13,C3,D0,E0,0,0,40
61,A2,232719,B3,14,C3,D0,E0,0,0,50
65,A4,103153,B8,4,C1,D0,E0,0,1411,40
45,A4,162187,B1,9,C11,D0,E0,0,0,40
59,A2,207391,B1,9,C9,D0,E0,0,0,40
34,A2,356882,B5,10,C5,D0,E0,0,0,45
24,A2,427686,B15,2,C2,D0,E0,0,0,40
42,A5,191196,B0,13,C1,D0,E0,0,1977,60
37,A2,377798,B5,10,C6,D0,E0,3103,0,40
36,A2,43712,B12,6,C6,D0,E0,0,0,40
54,A2,161691,B3,14,C3,D0,E1,0,2559,40
34,A2,346034,B14,8,C2,D0,E0,0,0,35
41,A2,144460,B5,10,C9,D0,E0,0,0,40
26,A2,262617,B1,9,C6,D0,E0,0,0,48
23,A3,173851,B1,9,C12,D0,E0,0,0,8
34,A2,117963,B0,13,C6,D0,E0,0,0,40
54,A2,219737,B1,9,C5,D0,E1,0,0,37
37,A2,328466,B1,9,C6,D0,E0,0,0,72
54,A0,138852,B1,9,C3,D0,E0,0,0,40
22,A4,195532,B5,10,C11,D0,E1,0,0,43
32,A2,188246,B1,9,C6,D0,E0,0,0,40
42,A0,138162,B5,10,C0,D0,E0,0,0,40
31,A0,110714,B5,10,C4,D0,E1,0,0,37
48,A2,123075,B9,16,C3,D0,E0,0,0,45
28,A2,330466,B0,13,C3,D2,E0,0,0,40
31,A2,254304,B12,6,C6,D0,E0,0,0,38
28,A2,435842,B0,13,C1,D0,E0,0,0,40
24,A2,118657,B14,8,C9,D0,E0,0,0,40
50,A2,278188,B1,9,C6,D0,E1,0,0,45
26,A2,233777,B1,9,C6,D0,E0,0,0,72
37,A5,328466,B5,10,C1,D0,E0,0,0,50
24,A2,176580,B11,3,C8,D0,E0,0,0,40
32,A2,172415,B1,9,C4,D1,E1,0,0,40
23,A2,194951,B0,13,C3,D2,E0,0,0,55
33,A4,318921,B1,9,C7,D0,E1,0,0,35
49,A2,189462,B1,9,C6,D0,E0,0,0,40
75,A1,192813,B3,14,C5,D0,E0,0,0,45
74,A1,199136,B0,13,C6,D0,E0,15831,0,8
26,A2,156805,B5,10,C9,D1,E0,0,0,40
34,A2,121966,B0,13,C0,D0,E1,0,0,45
18,A2,347336,B14,8,C4,D0,E0,0,0,12
33,A2,205950,B1,9,C6,D0,E0,0,0,40
36,A0,212143,B0,13,C0,D0,E1,0,0,20
44,A2,187821,B0,13,C7,D0,E0,0,0,55
36,A2,250807,B2,7,C6,D1,E1,0,0,40
53,A2,291755,B7,11,C6,D0,E0,0,0,40
60,A2,36077,B8,4,C9,D0,E0,0,0,40
28,A2,119793,B1,9,C6,D0,E0,0,0,40
36,A2,184655,B12,6,C7,D0,E0,0,0,48
35,A2,162256,B7,11,C0,D0,E1,6849,0,40
45,A1,204405,B7,11,C3,D0,E0,0,0,20
23,A2,133355,B5,10,C0,D0,E0,0,0,15
35,A2,89559,B5,10,C0,D0,E1,0,0,55
34,A2,115066,B5,10,C1,D0,E0,0,0,42
46,A2,139514,B13,1,C9,D1,E0,0,0,75
58,A0,200316,B1,9,C6,D0,E0,0,0,40
55,A4,166502,B3,14,C3,D0,E1,0,0,45
63,A2,226422,B1,9,C6,D0,E0,0,0,40
41,A1,251305,B5,10,C5,D0,E0,0,0,40
45,A2,190482,B7,11,C6,D0,E0,0,0,76
41,A2,122215,B3,14,C3,D0,E0,15024,0,40
42,A2,248356,B1,9,C5,D0,E1,0,0,40
90,A4,214594,B8,4,C11,D0,E0,2653,0,40
41,A2,220460,B1,9,C5,D0,E0,0,0,40
22,A2,174043,B1,9,C6,D0,E0,0,0,50
53,A1,137547,B10,15,C3,D2,E0,27828,0,40
49,A1,111959,B0,13,C1,D0,E0,0,0,60
51,A2,40641,B5,10,C1,D0,E0,0,0,60
22,A2,205940,B0,13,C1,D0,E1,0,0,40
23,A2,265077,B7,11,C4,D0,E1,0,0,40
59,A2,395736,B1,9,C2,D0,E0,0,0,40
40,A2,306225,B1,9,C6,D2,E1,0,0,40
28,A2,180299,B1,9,C7,D0,E0,0,0,70
39,A2,214896,B1,9,C4,D0,E1,0,0,40
25,A2,273792,B1,9,C6,D0,E0,0,0,37
48,A0,224474,B5,10,C1,D0,E1,0,0,40
62,A2,271431,B4,5,C4,D1,E0,0,0,42
44,A4,150171,B1,9,C0,D0,E1,0,0,40
28,A3,381789,B0,13,C3,D0,E0,0,0,50
62,A2,170984,B5,10,C6,D0,E0,0,0,45
32,A2,108256,B1,9,C6,D0,E0,0,0,40
59,A3,23789,B1,9,C5,D0,E1,0,0,40
20,A2,176321,B5,10,C0,D0,E1,0,0,20
40,A2,260425,B6,12,C10,D0,E1,1471,0,32
47,A2,248059,B5,10,C4,D0,E0,0,0,47
60,A2,56248,B5,10,C5,D0,E0,0,0,40
55,A2,199763,B1,9,C11,D0,E0,0,0,81
18,A2,200047,B14,8,C0,D0,E0,0,0,35
43,A2,191712,B0,13,C0,D0,E0,0,1741,40
31,A1,156033,B1,9,C4,D0,E0,0,0,35
22,A2,173736,B1,9,C6,D0,E0,0,0,50
56,A2,135458,B1,9,C10,D1,E1,0,0,40
41,A2,185660,B1,9,C0,D0,E1,0,0,40
24,A2,222005,B1,9,C4,D0,E0,0,0,30
42,A2,161510,B0,13,C5,D0,E0,7298,0,40
53,A4,186303,B5,10,C11,D0,E0,0,1887,40
52,A4,143533,B8,4,C4,D1,E1,0,0,40
42,A2,288154,B5,10,C6,D0,E0,0,0,89
48,A2,325372,B15,2,C9,D0,E0,0,0,40
35,A2,379959,B1,9,C4,D0,E1,0,0,40
33,A2,168387,B2,7,C4,D0,E0,0,0,40
20,A2,234640,B5,10,C0,D0,E1,0,0,40
33,A2,232475,B5,10,C5,D0,E0,0,0,45
30,A2,205152,B0,13,C5,D0,E0,0,0,40
31,A2,112115,B5,10,C5,D0,E0,0,0,40
29,A2,183854,B1,9,C5,D0,E1,0,0,25
26,A2,164386,B1,9,C6,D0,E0,0,0,48
61,A2,149620,B5,10,C4,D1,E0,0,0,40
45,A2,199590,B11,3,C9,D0,E0,0,0,40
29,A2,83742,B1,9,C4,D0,E1,0,0,45
57,A1,65080,B1,9,C6,D0,E0,0,0,50
33,A2,191335,B6,12,C6,D0,E0,0,1902,50
20,A2,227778,B5,10,C5,D0,E1,0,0,56
26,A2,48280,B0,13,C3,D0,E1,0,0,40
36,A2,66304,B0,13,C1,D0,E0,0,0,55
23,A2,45834,B0,13,C1,D0,E1,0,0,50
31,A2,298995,B1,9,C4,D1,E1,0,0,35
47,A2,161950,B1,9,C4,D0,E1,0,0,32
61,A2,98776,B2,7,C2,D0,E1,0,0,30
35,A2,102268,B0,13,C1,D0,E0,0,0,45
23,A2,180771,B15,2,C9,D3,E1,0,0,35
41,A2,206878,B1,9,C4,D0,E1,0,0,32
39,A3,110622,B0,13,C0,D2,E1,0,0,40
51,A4,203334,B9,16,C1,D0,E1,0,0,45
61,A1,50483,B8,4,C8,D0,E0,0,0,56
51,A2,274502,B8,4,C9,D0,E1,0,0,48
36,A2,208068,B13,1,C4,D4,E0,0,0,72
41,A1,168098,B0,13,C3,D0,E0,0,0,50
34,A2,213307,B1,9,C2,D0,E1,7443,0,35
25,A2,175128,B1,9,C7,D0,E0,0,0,40
37,A2,40955,B10,15,C3,D0,E0,0,0,50
19,A2,60890,B1,9,C6,D0,E0,0,0,49
66,A1,102686,B3,14,C1,D0,E0,0,0,20
23,A2,190273,B0,13,C3,D0,E0,0,0,40
30,A1,176185,B5,10,C6,D0,E0,0,0,60
53,A2,304504,B5,10,C7,D0,E0,0,1887,45
25,A2,390657,B5,10,C4,D1,E0,0,0,40
18,A2,41381,B1,9,C5,D0,E1,0,1602,20
51,A2,101432,B1,9,C6,D0,E0,0,0,40
61,A2,190682,B1,9,C6,D1,E1,0,1669,50
53,A2,158993,B1,9,C9,D1,E1,0,0,38
17,A2,117798,B12,6,C4,D0,E0,0,0,20
61,A2,137554,B8,4,C6,D0,E0,0,0,40
44,A5,71556,B3,14,C5,D0,E0,0,0,50
38,A2,257416,B4,5,C7,D1,E0,0,0,40
40,A2,195617,B5,10,C1,D0,E1,0,0,20
32,A2,236318,B5,10,C5,D0,E0,0,0,32
46,A2,42251,B5,10,C5,D0,E0,0,0,45
50,A2,257933,B5,10,C0,D0,E1,0,0,40
36,A1,109133,B0,13,C5,D0,E0,0,0,50
30,A1,261943,B2,7,C6,D0,E0,0,0,30
33,A2,139057,B3,14,C10,D2,E0,0,0,50
36,A2,237943,B0,13,C3,D0,E0,0,1977,45
85,A2,98611,B0,13,C1,D0,E0,0,0,3
62,A2,128092,B1,9,C0,D0,E1,0,0,32
24,A2,284317,B0,13,C9,D0,E1,0,0,32
48,A5,185041,B1,9,C6,D0,E0,7298,0,50
58,A4,223214,B1,9,C4,D0,E0,0,0,40
45,A5,173664,B0,13,C1,D0,E0,0,0,45
66,A2,269665,B1,9,C1,D0,E1,0,0,25
37,A2,121521,B10,15,C3,D0,E0,15024,0,45
55,A2,199713,B4,5,C6,D0,E0,0,0,48
39,A1,193689,B1,9,C1,D0,E0,0,0,65
58,A5,181974,B9,16,C3,D0,E1,0,0,99
50,A2,485710,B9,16,C3,D0,E1,0,0,50
28,A2,185647,B5,10,C2,D0,E0,0,0,50
34,A2,30673,B3,14,C3,D0,E0,0,0,55
41,A3,160467,B3,14,C3,D0,E1,1506,0,40
36,A2,186819,B6,12,C6,D0,E0,0,0,52
22,A2,67234,B1,9,C2,D0,E0,0,0,45
35,A2,30673,B14,8,C6,D0,E0,0,0,84
21,A2,182117,B6,12,C4,D0,E0,0,0,40
64,A0,222966,B8,4,C4,D1,E1,0,0,40
41,A2,201495,B3,14,C1,D0,E0,0,0,40
52,A2,301229,B7,11,C5,D0,E1,0,0,40
32,A2,157747,B5,10,C3,D0,E0,0,0,40
27,A2,155382,B5,10,C4,D0,E1,0,0,25
48,A2,268083,B5,10,C1,D0,E1,0,0,40
28,A2,113987,B1,9,C9,D0,E1,0,0,40
24,A2,216984,B5,10,C4,D2,E1,0,0,35
51,A2,177669,B5,10,C5,D0,E0,0,0,60
32,A2,164190,B5,10,C1,D0,E0,0,0,40
61,A2,355645,B1,9,C5,D1,E0,0,0,40
33,A2,63079,B1,9,C0,D1,E1,0,0,40
42,A1,217597,B1,9,C5,D0,E0,0,0,50
24,A2,381895,B2,7,C9,D0,E1,0,0,40
26,A2,179010,B5,10,C6,D0,E0,0,0,65
18,A2,436163,B2,7,C3,D0,E0,0,0,20
34,A2,321709,B1,9,C4,D0,E1,0,0,28
57,A2,153918,B1,9,C7,D0,E0,0,0,40
25,A2,403788,B1,9,C6,D1,E0,0,0,40
34,A2,60567,B2,7,C7,D0,E0,0,880,60
71,A2,138145,B4,5,C4,D0,E0,0,0,40
35,A4,79649,B0,13,C3,D0,E0,0,0,50
47,A2,312088,B1,9,C6,D0,E0,0,0,40
50,A2,208630,B3,14,C5,D0,E1,0,0,50
33,A2,182401,B12,6,C0,D1,E0,0,0,40
38,A2,32916,B7,11,C6,D0,E0,0,0,55
50,A2,302372,B0,13,C3,D0,E0,0,0,40
45,A2,155093,B12,6,C4,D1,E1,0,0,38
32,A2,192965,B1,9,C5,D0,E1,0,0,45
39,A2,107302,B1,9,C3,D0,E0,0,0,45
25,A4,514716,B0,13,C0,D1,E1,0,0,40
20,A2,270436,B1,9,C9,D0,E0,0,0,40
46,A2,42972,B3,14,C3,D0,E1,0,0,22
40,A2,142657,B7,11,C6,D1,E0,0,0,45
66,A3,47358,B12,6,C6,D0,E0,3471,0,40
30,A2,176175,B7,11,C0,D0,E1,0,0,24
36,A2,131459,B8,4,C6,D0,E0,0,0,40
57,A4,110417,B1,9,C6,D0,E0,99999,0,40
46,A2,364548,B5,10,C1,D0,E0,0,0,48
27,A2,177398,B1,9,C4,D0,E1,0,0,64
33,A2,273243,B1,9,C6,D1,E0,0,0,40
58,A2,147707,B2,7,C5,D0,E0,0,0,40
30,A2,77266,B1,9,C7,D0,E0,0,0,55
26,A2,191648,B6,12,C9,D0,E1,0,0,15
32,A2,211349,B12,6,C7,D0,E0,0,0,40
22,A2,203715,B5,10,C0,D0,E0,0,0,40
31,A2,292592,B1,9,C9,D0,E1,0,0,40
29,A2,125976,B1,9,C5,D0,E1,0,0,35
34,A2,204461,B9,16,C3,D0,E0,0,0,60
54,A2,337992,B0,13,C1,D2,E0,0,0,50
37,A2,179137,B5,10,C0,D0,E1,0,0,39
22,A2,325033,B14,8,C11,D1,E0,0,0,35
34,A2,160216,B0,13,C1,D0,E1,0,0,55
30,A2,345898,B1,9,C6,D1,E0,0,0,46
38,A2,139180,B0,13,C3,D1,E1,15020,0,45
45,A0,252208,B1,9,C0,D0,E1,0,0,40
45,A4,119199,B6,12,C3,D0,E1,0,0,48
31,A2,199655,B3,14,C4,D4,E1,0,0,30
39,A4,111499,B6,12,C0,D0,E1,0,0,20
37,A2,198216,B6,12,C10,D0,E1,0,0,40
43,A2,260761,B1,9,C9,D0,E0,0,0,40
65,A1,99359,B10,15,C3,D0,E0,1086,0,60
43,A0,255835,B5,10,C0,D0,E1,0,0,40
43,A1,27242,B5,10,C6,D0,E0,0,0,50
32,A2,34066,B12,6,C2,D3,E0,0,0,40
43,A2,84661,B7,11,C5,D0,E0,0,0,45
32,A2,116138,B3,14,C10,D2,E0,0,0,11
53,A2,321865,B3,14,C1,D0,E0,0,0,40
22,A2,310152,B5,10,C11,D0,E0,0,0,40
27,A2,257302,B6,12,C10,D0,E1,0,0,38
40,A2,154374,B1,9,C9,D0,E0,0,0,40
58,A2,151910,B1,9,C0,D0,E1,0,0,40
22,A2,201490,B1,9,C0,D0,E0,0,0,20
52,A5,287927,B1,9,C1,D0,E1,15024,0,40
