,0,1,2,3,4,5,6,7,8,9,10,11
0,34,A2,85355,B0,13,C0,D0,E0,0,0,40,0
1,48,A2,207120,B5,10,C3,D0,E0,0,0,40,0
2,28,A4,229223,B7,11,C3,D0,E1,7688,0,36,0
3,20,A2,224640,B6,12,C1,D0,E1,0,0,40,0
4,39,A2,139012,B0,13,C0,D2,E0,0,0,40,0
5,40,A3,130749,B5,10,C1,D1,E1,0,0,40,0
6,28,A2,204516,B12,6,C7,D0,E0,0,0,45,0
7,20,A2,105479,B5,10,C5,D0,E1,0,0,25,0
8,41,A2,197093,B0,13,C3,D1,E0,0,0,40,0
9,49,A5,431245,B5,10,C5,D0,E0,0,0,50,1
10,24,A2,155150,B1,9,C9,D0,E0,0,0,40,0
11,35,A0,216035,B1,9,C11,D0,E0,0,0,40,0
12,22,A2,388247,B5,10,C5,D0,E0,0,0,40,0
13,23,A2,208908,B0,13,C4,D0,E1,0,0,30,0
14,23,A2,259301,B1,9,C1,D0,E1,0,0,40,0
15,42,A1,69333,B7,11,C7,D0,E0,4386,0,80,0
16,34,A2,167893,B5,10,C3,D0,E0,0,0,64,0
17,32,A3,386877,B7,11,C10,D1,E0,4650,0,40,0
18,54,A2,146551,B1,9,C0,D0,E0,0,0,54,0
19,48,A2,238360,B0,13,C0,D2,E1,0,0,40,0
20,38,A2,187748,B0,13,C3,D0,E0,0,0,40,0
21,48,A0,50748,B0,13,C0,D0,E1,0,0,40,0
22,22,A2,50136,B11,3,C4,D0,E0,0,0,40,0
23,42,A2,111483,B0,13,C10,D0,E0,0,0,50,0
24,31,A2,298871,B9,16,C3,D2,E0,0,0,40,0
25,27,A2,147340,B1,9,C4,D0,E1,0,0,50,0
26,57,A2,132704,B3,14,C3,D0,E0,10520,0,32,1
27,46,A0,327786,B7,11,C10,D0,E1,3325,0,42,0
28,44,A3,243636,B7,11,C6,D0,E0,0,0,40,0
29,42,A4,194417,B5,10,C11,D0,E0,0,0,40,0
30,24,A2,236696,B0,13,C1,D0,E0,0,0,40,0
31,38,A2,337130,B15,2,C6,D0,E0,0,0,40,0
32,29,A2,273051,B0,13,C1,D0,E0,0,0,52,0
33,38,A2,186191,B1,9,C6,D0,E0,0,0,55,0
34,33,A2,268451,B5,10,C1,D0,E1,0,0,40,0
35,61,A2,154600,B1,9,C4,D0,E1,0,0,4,0
36,49,A4,405309,B7,11,C6,D0,E0,0,0,40,0
37,51,A1,99185,B6,12,C1,D0,E0,0,0,40,0
38,42,A2,191765,B1,9,C4,D1,E1,0,0,35,0
39,21,A2,253583,B1,9,C2,D0,E0,0,0,40,0
40,54,A2,204397,B5,10,C8,D0,E0,0,0,50,0
41,23,A2,288771,B5,10,C0,D0,E1,0,0,30,0
42,52,A2,173987,B12,6,C6,D0,E0,0,0,40,0
43,28,A4,33662,B3,14,C3,D0,E1,7298,0,40,1
44,23,A2,91658,B5,10,C2,D0,E0,0,0,40,0
45,43,A2,226902,B1,9,C5,D0,E0,0,0,80,0
46,45,A2,232586,B5,10,C6,D0,E0,0,0,50,0
47,51,A1,291755,B8,4,C1,D0,E0,0,0,42,0
48,23,A2,161478,B5,10,C5,D2,E1,0,0,40,0
49,73,A1,109833,B0,13,C8,D0,E0,0,0,30,0
50,47,A1,229394,B2,7,C1,D0,E1,0,0,55,0
51,26,A2,491862,B7,11,C1,D1,E1,0,0,40,0
52,40,A2,311534,B1,9,C2,D0,E0,0,0,40,0
53,32,A1,420895,B0,13,C5,D0,E0,0,0,47,0
54,39,A2,226374,B12,6,C4,D1,E1,0,0,40,0
55,33,A3,101345,B0,13,C3,D0,E1,0,0,40,0
56,35,A2,48779,B1,9,C8,D0,E0,0,0,35,0
57,42,A2,152676,B1,9,C1,D0,E0,0,0,40,0
58,46,A2,164877,B5,10,C6,D0,E0,0,0,44,0
59,33,A2,97521,B1,9,C0,D0,E0,0,0,40,0
60,47,A2,88564,B11,3,C9,D0,E0,0,0,20,0
61,33,A2,188246,B0,13,C1,D0,E0,0,0,40,0
62,26,A2,189185,B1,9,C0,D0,E1,0,0,40,0
63,42,A0,163069,B5,10,C0,D1,E1,0,0,40,0
64,28,A2,251905,B0,13,C3,D0,E0,0,0,50,0
65,29,A2,112403,B11,3,C9,D0,E0,0,0,40,0
66,18,A2,36882,B14,8,C5,D0,E1,0,0,20,0
67,33,A1,195891,B5,10,C1,D0,E0,0,0,45,0
68,36,A2,194905,B0,13,C3,D0,E1,0,0,44,0
69,33,A2,133503,B1,9,C11,D0,E0,7688,0,48,1
70,40,A2,31621,B1,9,C0,D0,E1,0,0,40,0
71,57,A1,413373,B9,16,C5,D0,E0,0,1902,40,1
72,40,A2,196029,B1,9,C7,D0,E0,0,0,45,0
73,36,A2,107302,B1,9,C10,D0,E0,0,0,50,0
74,45,A2,151267,B0,13,C0,D1,E1,0,0,40,0
75,52,A2,256861,B0,13,C1,D0,E0,0,0,50,1
76,24,A2,82777,B1,9,C9,D0,E0,0,0,40,0
77,30,A2,147430,B1,9,C0,D0,E1,0,0,40,0
78,46,A1,165754,B9,16,C3,D0,E1,0,0,45,0
79,36,A2,448337,B1,9,C5,D1,E1,0,0,40,0
80,48,A2,185079,B1,9,C1,D0,E1,0,0,50,0
81,36,A2,418702,B7,11,C0,D0,E1,0,0,40,0
82,48,A2,41504,B1,9,C7,D0,E0,0,0,40,0
83,21,A2,387335,B5,10,C10,D0,E1,0,1719,9,0
84,18,A2,261720,B1,9,C0,D0,E1,0,0,40,0
85,38,A2,133963,B0,13,C3,D0,E1,0,0,50,0
86,36,A0,179488,B0,13,C11,D0,E0,7298,0,55,1
87,38,A2,60135,B1,9,C7,D0,E1,0,0,40,0
88,55,A1,308746,B10,15,C3,D0,E0,0,0,55,1
89,27,A2,278720,B1,9,C6,D0,E0,0,0,45,0
90,22,A0,477505,B6,12,C0,D0,E0,0,0,40,0
91,29,A2,164711,B5,10,C2,D0,E0,0,0,40,0
92,40,A2,208277,B5,10,C1,D0,E1,0,0,40,0
93,21,A2,39943,B5,10,C5,D0,E1,0,0,20,0
94,49,A2,104542,B1,9,C0,D0,E1,0,0,40,0
95,29,A2,286634,B0,13,C3,D0,E1,0,0,50,0
96,28,A2,142712,B0,13,C1,D0,E0,0,0,50,0
97,26,A2,336404,B1,9,C11,D0,E0,0,0,40,0
98,33,A2,117983,B1,9,C0,D0,E1,0,0,41,0
99,59,A2,59469,B3,14,C10,D0,E0,0,0,40,1
100,37,A2,171968,B7,11,C0,D0,E0,0,0,40,0
101,27,A2,278617,B5,10,C6,D0,E0,0,0,40,0
102,39,A2,72338,B3,14,C3,D2,E0,0,0,40,0
103,49,A4,343231,B3,14,C3,D0,E1,0,0,80,0
104,30,A2,63910,B1,9,C5,D2,E1,0,0,40,0
105,28,A2,190350,B4,5,C11,D1,E1,0,0,40,0
106,25,A0,176162,B0,13,C11,D0,E0,0,0,40,0
107,18,A2,37720,B12,6,C9,D0,E0,0,0,40,0
108,25,A2,421467,B6,12,C2,D0,E0,0,0,26,0
109,36,A2,138441,B5,10,C9,D0,E0,0,0,40,0
110,52,A2,146767,B1,9,C9,D0,E0,0,0,40,0
111,25,A2,160445,B1,9,C6,D0,E0,0,0,40,0
112,26,A2,211695,B0,13,C3,D0,E0,0,0,40,0
113,50,A2,102346,B0,13,C1,D0,E1,0,2415,20,0
114,48,A2,128796,B6,12,C1,D0,E0,0,0,40,1
115,39,A2,111129,B1,9,C2,D0,E0,0,0,40,0
116,30,A4,44566,B0,13,C3,D0,E0,0,0,40,0
117,26,A2,118497,B1,9,C6,D0,E0,0,0,60,0
118,36,A2,334291,B5,10,C6,D0,E0,0,1887,40,0
119,49,A2,237920,B9,16,C5,D0,E0,0,0,60,1
120,34,A4,136331,B0,13,C3,D0,E0,0,0,60,0
121,28,A2,187397,B1,9,C4,D4,E0,0,0,48,0
122,28,A1,119793,B1,9,C4,D0,E0,0,0,40,0
123,42,A2,24982,B5,10,C6,D0,E0,7688,0,40,1
124,26,A1,231714,B1,9,C6,D0,E0,0,0,40,0
125,54,A2,229272,B1,9,C6,D1,E0,0,0,40,0
126,61,A1,268831,B1,9,C5,D0,E0,0,0,53,0
127,45,A1,149640,B10,15,C3,D0,E0,0,0,30,1
128,29,A2,261725,B0,13,C0,D0,E1,0,0,35,0
129,74,A2,161387,B1,9,C2,D0,E1,0,0,16,0
130,61,A4,260167,B1,9,C3,D0,E1,0,0,40,0
131,27,A2,200928,B5,10,C5,D0,E0,0,0,22,0
132,53,A3,155594,B0,13,C3,D0,E0,0,0,40,1
133,57,A1,79539,B1,9,C8,D2,E0,0,0,40,0
134,41,A2,469454,B5,10,C6,D0,E0,0,0,40,0
135,45,A2,331482,B0,13,C3,D0,E0,0,0,50,1
136,43,A2,225193,B1,9,C5,D0,E0,0,0,40,0
137,29,A2,82393,B1,9,C4,D2,E0,0,0,25,0
138,41,A2,58484,B0,13,C1,D0,E1,0,0,40,0
139,31,A4,156464,B0,13,C3,D0,E0,0,0,40,0
140,50,A2,344621,B1,9,C9,D0,E1,0,0,40,0
141,52,A2,174752,B1,9,C5,D0,E0,0,0,60,0
142,18,A5,174202,B1,9,C7,D0,E0,0,0,60,0
143,26,A2,261203,B8,4,C4,D4,E1,0,0,30,0
144,57,A2,316000,B1,9,C6,D0,E0,0,0,40,0
145,63,A0,216871,B5,10,C0,D0,E0,0,1740,40,0
146,29,A2,246933,B1,9,C0,D0,E0,0,0,40,0
147,32,A1,112115,B0,13,C3,D0,E0,7688,0,40,1
148,34,A2,264651,B1,9,C9,D0,E0,0,0,40,0
149,43,A2,99185,B1,9,C0,D0,E1,0,0,58,0
150,39,A2,176186,B5,10,C9,D0,E0,0,0,40,0
151,28,A2,100219,B1,9,C9,D0,E0,0,0,45,0
152,32,A2,46691,B0,13,C0,D0,E1,0,0,40,0
153,28,A0,297735,B10,15,C3,D0,E0,0,0,90,1
154,40,A2,132222,B5,10,C9,D0,E0,4386,0,50,0
155,25,A2,189656,B0,13,C10,D0,E0,0,0,60,0
156,54,A4,224934,B3,14,C3,D0,E0,0,0,50,1
157,48,A5,149218,B0,13,C8,D0,E0,0,0,70,1
158,51,A2,158508,B5,10,C1,D0,E1,0,0,36,0
159,67,A0,261203,B8,4,C7,D0,E0,0,0,35,0
160,17,A2,309504,B12,6,C5,D0,E1,0,0,24,0
161,24,A0,324637,B5,10,C4,D0,E0,0,0,40,0
162,25,A2,267426,B1,9,C2,D0,E0,0,0,40,0
163,54,A2,46401,B5,10,C4,D0,E1,0,0,47,0
164,32,A2,114288,B1,9,C3,D0,E1,0,0,40,0
165,41,A3,193882,B1,9,C0,D0,E0,0,0,40,0
166,53,A2,311269,B1,9,C4,D0,E1,0,0,40,0
167,45,A2,156117,B7,11,C3,D0,E1,0,0,32,0
168,51,A2,222615,B1,9,C9,D0,E0,0,0,40,0
169,41,A0,106900,B3,14,C3,D0,E0,7298,0,60,1
170,40,A3,78036,B7,11,C3,D0,E1,0,0,65,0
171,27,A2,380560,B1,9,C8,D0,E0,0,0,40,0
172,41,A2,167106,B0,13,C0,D2,E0,3103,0,35,0
173,51,A2,289436,B0,13,C1,D0,E0,0,0,60,1
174,36,A2,749636,B5,10,C0,D0,E1,0,0,40,0
175,34,A5,154120,B1,9,C8,D0,E0,0,0,55,0
176,43,A2,105119,B1,9,C0,D0,E0,0,0,40,0
177,61,A3,181081,B1,9,C0,D1,E1,0,0,20,0
178,31,A2,182237,B12,6,C7,D0,E0,0,0,40,0
179,34,A2,102130,B1,9,C5,D0,E0,0,0,65,0
180,43,A2,266324,B1,9,C6,D0,E0,0,1902,99,1
181,52,A2,170562,B14,8,C6,D0,E0,0,0,40,0
182,18,A2,240543,B2,7,C4,D0,E1,0,0,20,0
183,37,A3,187046,B5,10,C3,D0,E0,0,0,40,0
184,60,A2,389254,B1,9,C0,D0,E0,0,0,40,0
185,47,A2,179955,B5,10,C7,D0,E1,0,0,25,0
186,21,A2,197997,B5,10,C0,D0,E0,0,0,30,0
187,34,A5,343789,B0,13,C1,D0,E0,7688,0,55,1
188,28,A2,191088,B1,9,C4,D0,E1,0,1741,52,0
189,40,A4,141649,B7,11,C11,D0,E0,0,0,40,0
190,26,A2,433906,B6,12,C4,D0,E0,0,0,40,0
191,48,A2,207982,B5,10,C4,D1,E1,0,0,40,0
192,46,A2,175925,B5,10,C8,D0,E0,0,0,40,0
193,58,A2,85767,B5,10,C5,D0,E0,0,0,48,0
194,32,A5,281030,B1,9,C6,D0,E0,0,0,40,0
195,38,A2,396595,B5,10,C6,D2,E0,0,0,40,0
196,43,A1,163108,B5,10,C8,D0,E0,0,0,99,0
197,17,A2,141590,B2,7,C13,D0,E1,0,0,12,0
198,36,A2,137421,B14,8,C7,D2,E0,0,0,45,0
199,36,A2,67728,B1,9,C6,D0,E0,5013,0,40,0
200,30,A2,345522,B1,9,C7,D0,E0,3103,0,70,0
201,45,A2,330087,B1,9,C6,D0,E0,0,0,40,0
202,51,A1,204322,B1,9,C7,D0,E0,0,0,50,0
203,29,A2,50295,B5,10,C1,D0,E0,0,0,48,0
204,35,A1,147258,B7,11,C8,D0,E0,0,0,65,0
205,19,A2,194260,B5,10,C5,D0,E1,0,0,20,0
206,56,A2,437727,B4,5,C5,D0,E0,0,0,40,0
207,24,A2,280960,B1,9,C9,D0,E1,0,0,24,0
208,33,A2,33117,B6,12,C11,D0,E0,0,0,40,0
209,43,A2,169628,B0,13,C5,D1,E1,0,0,35,0
210,22,A0,124942,B5,10,C4,D0,E0,0,0,45,0
211,44,A2,143368,B5,10,C4,D1,E0,0,0,55,0
212,37,A2,255621,B1,9,C6,D0,E0,0,0,50,0
213,34,A5,154227,B5,10,C5,D0,E0,0,0,75,1
214,43,A2,171438,B7,11,C5,D0,E1,0,0,45,0
215,39,A2,191524,B1,9,C0,D0,E1,0,0,40,0
216,30,A2,377017,B5,10,C2,D0,E0,0,0,32,0
217,58,A2,192806,B8,4,C2,D0,E1,0,0,33,0
218,45,A4,234195,B1,9,C0,D0,E1,0,0,35,0
219,30,A2,147596,B5,10,C0,D1,E1,0,0,40,0
220,42,A2,147251,B5,10,C3,D0,E1,0,0,36,0
221,50,A2,176157,B3,14,C1,D0,E0,0,0,50,1
222,25,A4,176162,B7,11,C11,D0,E0,0,0,30,0
223,34,A2,384150,B0,13,C1,D0,E0,0,0,40,0
224,50,A2,107665,B5,10,C5,D0,E0,0,0,40,0
225,60,A0,165827,B9,16,C3,D0,E0,0,0,55,1
226,41,A2,287306,B6,12,C3,D0,E0,15024,0,60,1
227,71,A1,78786,B8,4,C8,D0,E0,0,0,10,0
228,40,A1,33310,B10,15,C4,D0,E1,0,2339,35,0
229,22,A2,349368,B0,13,C1,D0,E1,0,0,30,0
230,52,A2,117674,B0,13,C3,D0,E0,0,0,38,1
231,30,A2,310889,B5,10,C2,D0,E0,0,0,55,0
232,40,A2,379919,B5,10,C9,D0,E0,0,0,40,0
233,31,A3,34862,B6,12,C5,D2,E0,0,0,40,0
234,44,A2,201723,B0,13,C1,D0,E0,15024,0,45,1
235,38,A4,161463,B10,15,C3,D1,E0,0,0,40,0
236,46,A2,186410,B10,15,C1,D0,E0,0,0,50,1
237,57,A3,62020,B10,15,C1,D1,E0,0,0,55,1
238,39,A2,42044,B2,7,C7,D0,E0,0,0,40,0
239,42,A2,170230,B0,13,C1,D0,E1,0,0,55,0
240,43,A2,341358,B7,11,C5,D0,E0,0,0,40,0
241,22,A2,199426,B5,10,C5,D0,E1,0,0,17,0
242,44,A2,89172,B0,13,C6,D0,E0,0,0,50,0
243,37,A2,140673,B5,10,C5,D0,E1,0,0,40,0
244,26,A0,326033,B0,13,C0,D0,E1,0,0,80,0
245,35,A2,129305,B1,9,C4,D0,E0,0,0,30,0
246,28,A2,171067,B1,9,C2,D0,E1,0,0,40,0
247,34,A2,143582,B5,10,C0,D2,E1,0,0,35,0
248,18,A2,257980,B1,9,C9,D0,E0,0,0,40,0
249,25,A2,182866,B1,9,C9,D0,E0,0,0,40,0
250,44,A5,69333,B0,13,C6,D0,E0,0,0,50,1
251,61,A2,668362,B15,2,C2,D0,E1,0,0,40,0
252,39,A2,132879,B5,10,C1,D0,E0,0,0,50,0
253,61,A2,181219,B0,13,C3,D0,E0,0,1848,40,1
254,22,A2,120518,B1,9,C0,D0,E1,0,0,40,0
255,19,A2,183532,B5,10,C2,D0,E0,0,0,25,0
256,45,A2,49298,B0,13,C10,D0,E0,0,0,40,0
257,20,A2,157332,B5,10,C0,D0,E1,0,0,25,0
258,37,A2,213726,B1,9,C9,D2,E1,0,0,40,0
259,26,A2,31143,B5,10,C6,D0,E0,0,0,40,0
260,26,A2,184872,B0,13,C1,D0,E1,0,0,55,0
261,58,A2,202652,B1,9,C4,D0,E1,0,0,40,0
262,64,A2,60940,B1,9,C5,D0,E1,8614,0,50,0
263,19,A2,292590,B1,9,C5,D0,E1,0,0,25,0
264,36,A2,141420,B0,13,C2,D0,E0,0,0,30,0
265,47,A2,159389,B6,12,C0,D0,E1,0,0,40,0
266,62,A2,254534,B5,10,C5,D0,E0,0,0,40,0
267,36,A0,89508,B10,15,C3,D0,E0,0,0,40,0
268,38,A1,238980,B5,10,C5,D0,E0,0,0,60,0
269,54,A2,178946,B1,9,C6,D0,E0,0,0,48,0
270,31,A2,204752,B0,13,C1,D0,E0,0,0,50,0
271,26,A2,290213,B5,10,C8,D0,E0,0,0,40,0
272,50,A2,102615,B1,9,C1,D0,E0,0,1902,40,1
273,41,A2,291965,B5,10,C10,D2,E1,0,0,40,0
274,52,A4,175339,B0,13,C11,D0,E0,0,0,40,0
275,28,A2,90547,B1,9,C4,D1,E1,0,0,23,0
276,46,A1,101722,B5,10,C1,D0,E0,3137,0,40,0
277,30,A5,204470,B5,10,C1,D0,E0,0,0,36,0
278,58,A4,311409,B3,14,C3,D1,E0,7688,0,30,1
279,31,A2,190027,B1,9,C4,D1,E1,0,0,40,0
280,36,A2,218015,B5,10,C9,D0,E0,0,0,48,0
281,31,A0,77634,B13,1,C4,D0,E0,0,0,24,0
282,52,A1,42984,B10,15,C3,D0,E0,0,0,70,1
283,29,A2,413297,B5,10,C1,D0,E0,3411,0,70,1
284,48,A1,218835,B3,14,C5,D0,E0,0,0,50,0
285,30,A2,341051,B3,14,C1,D0,E0,15024,0,60,1
286,58,A2,252419,B2,7,C7,D0,E0,0,0,50,0
287,20,A3,347935,B5,10,C11,D1,E0,0,0,40,0
288,19,A2,237848,B5,10,C4,D0,E0,0,0,3,0
289,63,A2,174826,B1,9,C4,D0,E1,0,0,40,0
290,51,A1,170086,B0,13,C10,D0,E0,0,0,45,0
291,53,A2,470368,B6,12,C0,D0,E1,0,0,48,0
292,54,A3,75235,B1,9,C1,D0,E0,5178,0,40,1
293,26,A2,746432,B1,9,C2,D1,E0,0,0,48,0
294,47,A1,258498,B5,10,C4,D0,E1,0,0,52,0
295,44,A2,176063,B0,13,C1,D0,E0,0,0,45,1
296,80,A1,26865,B8,4,C8,D0,E0,0,0,20,0
297,55,A2,104724,B9,16,C3,D0,E0,0,0,40,1
298,43,A2,346321,B3,14,C3,D0,E0,0,0,45,0
299,49,A2,402462,B0,13,C7,D0,E0,0,0,30,0
300,27,A2,153078,B10,15,C3,D2,E0,0,0,40,0
301,42,A2,176063,B7,11,C1,D0,E0,15024,0,55,1
302,39,A2,451059,B4,5,C2,D0,E0,0,0,40,0
303,32,A2,106437,B1,9,C0,D0,E1,0,0,40,0
304,58,A4,294313,B5,10,C0,D1,E1,0,0,55,0
305,63,A2,67903,B4,5,C8,D1,E0,0,0,40,0
306,49,A2,133669,B5,10,C0,D0,E0,0,0,40,0
307,36,A5,251730,B5,10,C11,D0,E0,0,0,60,0
308,46,A2,72896,B5,10,C1,D0,E0,0,0,50,1
309,47,A2,155664,B3,14,C1,D0,E0,99999,0,55,1
310,39,A2,206520,B1,9,C0,D0,E0,0,0,45,0
311,33,A2,72338,B10,15,C1,D2,E0,0,0,65,1
312,43,A4,34640,B1,9,C1,D4,E0,0,1887,40,0
313,30,A2,236543,B5,10,C3,D0,E0,0,0,68,0
314,39,A4,43702,B7,11,C0,D0,E1,0,0,37,0
315,44,A2,335248,B5,10,C0,D0,E1,0,0,40,0
316,27,A2,198197,B0,13,C10,D0,E0,0,0,45,0
317,31,A2,160594,B6,12,C3,D0,E0,0,0,3,0
318,34,A4,231826,B1,9,C3,D0,E0,0,0,40,0
319,28,A2,188171,B6,12,C7,D0,E0,0,0,60,0
320,55,A2,125000,B1,9,C9,D0,E0,0,0,40,0
321,36,A2,166509,B1,9,C6,D0,E1,0,0,40,0
322,42,A2,402367,B5,10,C7,D1,E0,7688,0,45,1
323,67,A4,204123,B0,13,C3,D0,E0,0,0,10,0
324,53,A5,220786,B5,10,C5,D0,E1,0,0,60,0
325,43,A2,254146,B5,10,C6,D0,E0,0,1902,40,1
326,29,A4,152461,B0,13,C10,D0,E1,0,0,42,0
327,19,A2,223669,B5,10,C4,D0,E0,0,0,30,0
328,51,A2,120270,B7,11,C5,D0,E0,0,0,40,0
329,21,A1,304602,B7,11,C8,D0,E0,0,0,98,0
330,54,A2,24108,B5,10,C1,D0,E1,0,0,40,0
331,42,A1,32546,B10,15,C3,D0,E0,7430,0,40,1
332,41,A2,93885,B5,10,C5,D0,E1,0,0,48,0
333,28,A2,210765,B1,9,C6,D0,E0,0,0,40,0
334,31,A2,191276,B7,11,C2,D0,E1,0,0,40,0
335,82,A1,71438,B1,9,C8,D0,E0,0,0,20,0
336,23,A2,330571,B0,13,C3,D0,E1,0,0,16,0
337,40,A4,138634,B1,9,C1,D0,E0,0,0,40,0
338,35,A2,112264,B1,9,C5,D0,E0,0,0,50,0
339,24,A2,205865,B1,9,C5,D0,E0,0,0,45,0
340,21,A2,224640,B5,10,C5,D0,E1,0,0,40,0
341,27,A2,180758,B5,10,C2,D0,E0,0,0,30,0
342,40,A1,107762,B0,13,C1,D0,E0,0,0,45,0
343,17,A2,214787,B14,8,C0,D0,E1,0,0,25,0
344,27,A2,211032,B15,2,C6,D0,E0,0,0,40,0
345,34,A2,208353,B1,9,C9,D0,E0,0,0,40,0
346,18,A2,157273,B12,6,C4,D1,E0,0,0,15,0
347,39,A2,75891,B0,13,C10,D0,E1,0,0,40,0
348,34,A5,177675,B5,10,C1,D0,E0,0,0,65,1
349,44,A2,182370,B1,9,C6,D0,E0,0,0,40,0
350,39,A2,174242,B0,13,C1,D0,E0,15024,0,60,1
351,28,A2,95566,B15,2,C4,D4,E1,0,0,35,0
352,30,A2,30290,B1,9,C9,D0,E1,0,0,40,0
353,60,A2,240951,B1,9,C0,D0,E1,0,0,40,0
354,58,A2,183810,B1,9,C4,D0,E0,0,0,24,0
355,49,A2,94342,B0,13,C6,D0,E0,0,0,60,1
356,61,A5,148577,B1,9,C5,D0,E0,0,0,55,0
357,27,A2,103634,B1,9,C0,D0,E0,0,0,38,0
358,59,A1,83542,B6,12,C10,D0,E0,0,0,40,0
359,52,A3,76131,B5,10,C1,D2,E1,0,0,40,0
360,42,A3,262402,B0,13,C1,D0,E1,0,0,40,0
361,27,A2,198286,B5,10,C4,D0,E1,0,0,34,0
362,41,A5,145441,B3,14,C1,D0,E0,0,0,50,1
363,50,A4,117496,B0,13,C3,D0,E1,0,0,24,0
364,36,A2,128876,B12,6,C6,D0,E0,0,0,40,0
365,21,A2,199698,B1,9,C8,D0,E0,0,0,45,0
366,38,A2,65390,B6,12,C6,D0,E0,0,0,45,0
367,46,A2,128645,B5,10,C3,D0,E1,0,0,40,0
368,59,A2,53481,B5,10,C5,D0,E0,0,0,50,0
369,55,A2,92215,B1,9,C0,D0,E1,0,0,45,0
370,49,A4,78859,B3,14,C3,D0,E1,0,323,20,0
371,59,A5,187502,B5,10,C6,D0,E0,0,0,50,0
372,38,A2,242080,B5,10,C5,D0,E0,0,0,55,0
373,22,A2,41837,B5,10,C7,D0,E0,0,0,25,0
374,28,A2,291374,B14,8,C5,D1,E1,0,0,40,0
375,47,A2,148995,B0,13,C1,D0,E0,0,2415,60,1
376,59,A2,159008,B5,10,C11,D0,E0,0,0,56,0
377,37,A2,271013,B1,9,C2,D0,E0,0,0,40,0
378,33,A2,199046,B0,13,C5,D0,E1,0,0,40,0
379,34,A2,164280,B12,6,C2,D0,E0,0,0,40,0
380,35,A4,116960,B3,14,C3,D0,E0,0,1887,40,1
381,55,A2,100054,B12,6,C4,D0,E0,0,0,40,0
382,18,A2,183824,B14,8,C4,D0,E0,0,0,30,0
383,48,A2,313925,B6,12,C3,D0,E1,0,0,30,0
384,48,A2,379883,B3,14,C3,D0,E0,0,0,40,0
385,27,A2,189777,B1,9,C6,D0,E0,0,0,40,0
386,43,A2,198330,B3,14,C3,D1,E1,0,0,37,0
387,32,A2,127451,B5,10,C3,D0,E0,0,0,38,0
388,50,A2,301024,B0,13,C5,D0,E0,0,0,40,0
389,38,A1,175732,B1,9,C6,D3,E0,0,0,15,0
390,18,A2,218889,B4,5,C4,D1,E0,0,0,35,0
391,46,A2,117605,B4,5,C5,D0,E0,0,0,35,0
392,26,A2,154571,B5,10,C9,D2,E0,0,0,45,0
393,44,A2,228057,B8,4,C9,D0,E1,0,0,40,0
394,32,A2,173998,B5,10,C0,D0,E1,0,0,60,0
395,25,A2,90752,B0,13,C0,D0,E1,0,0,40,0
396,55,A2,51008,B1,9,C0,D0,E1,0,0,40,0
397,55,A3,113398,B5,10,C0,D0,E0,0,0,40,0
398,25,A2,74977,B5,10,C0,D0,E1,0,0,40,0
399,40,A2,101593,B0,13,C3,D0,E0,0,0,50,1
400,29,A2,228346,B7,11,C6,D0,E0,0,0,50,0
401,60,A2,180418,B2,7,C6,D0,E0,0,0,40,0
402,45,A2,44489,B1,9,C7,D0,E0,0,0,45,0
403,43,A1,277488,B1,9,C8,D0,E0,0,0,30,0
404,24,A2,103064,B1,9,C5,D0,E1,0,0,55,0
405,34,A2,226872,B0,13,C5,D0,E1,0,0,40,0
406,47,A1,330416,B5,10,C8,D0,E0,0,0,60,0
407,24,A2,186495,B1,9,C0,D0,E1,0,0,32,0
408,47,A0,205712,B5,10,C4,D0,E0,0,0,38,0
409,18,A2,217743,B2,7,C5,D0,E1,0,0,40,0
410,50,A5,52565,B5,10,C5,D0,E0,0,1485,40,1
411,22,A2,239954,B5,10,C0,D0,E0,0,0,40,0
412,49,A1,349986,B0,13,C3,D0,E0,0,0,60,0
413,41,A2,117585,B1,9,C1,D0,E0,0,1485,40,1
414,68,A1,122094,B1,9,C6,D0,E0,0,0,15,0
415,62,A1,26857,B8,4,C8,D0,E1,0,0,35,0
416,25,A4,192321,B0,13,C3,D0,E1,0,0,40,0
417,24,A2,88095,B5,10,C9,D0,E1,0,0,24,0
418,44,A2,144067,B0,13,C0,D0,E0,0,0,12,0
419,32,A2,124187,B4,5,C8,D1,E0,0,0,40,0
420,49,A2,123681,B3,14,C3,D0,E0,0,0,43,0
421,68,A2,145638,B5,10,C5,D0,E1,0,0,40,0
422,25,A2,130513,B6,12,C5,D0,E1,0,0,40,0
423,47,A3,197038,B0,13,C3,D0,E0,0,0,50,1
424,35,A2,189092,B0,13,C1,D0,E0,0,0,40,0
425,37,A1,198841,B2,7,C7,D0,E0,0,0,40,0
426,57,A2,317969,B1,9,C1,D0,E0,0,0,50,0
427,37,A2,103121,B0,13,C1,D0,E1,0,1848,40,0
428,34,A2,111589,B12,6,C4,D1,E1,0,0,40,0
429,46,A4,267952,B7,11,C1,D0,E1,0,0,36,0
430,21,A2,63899,B2,7,C0,D0,E1,0,0,40,0
431,26,A2,473625,B1,9,C4,D0,E1,0,0,30,0
432,45,A2,187901,B1,9,C8,D0,E0,0,2258,44,0
433,17,A2,24090,B1,9,C1,D0,E1,0,0,35,0
434,36,A5,102729,B6,12,C3,D0,E0,0,0,70,1
435,33,A2,91666,B14,8,C1,D0,E0,0,0,40,0
436,27,A2,215873,B1,9,C9,D1,E0,0,0,40,0
437,32,A2,152109,B1,9,C6,D0,E0,0,0,48,0
438,24,A2,175586,B1,9,C9,D1,E1,0,0,40,0
439,37,A2,232614,B1,9,C4,D1,E1,0,0,30,0
440,53,A0,229465,B9,16,C3,D0,E0,0,0,50,1
441,44,A2,147110,B5,10,C0,D0,E0,14344,0,40,1
442,43,A4,161240,B1,9,C11,D0,E0,0,0,45,0
443,29,A2,358124,B1,9,C4,D1,E1,0,0,52,0
444,47,A2,222529,B0,13,C8,D0,E0,0,0,65,0
445,37,A1,338320,B3,14,C1,D0,E0,0,0,60,1
446,43,A5,62026,B10,15,C1,D0,E0,99999,0,40,1
447,23,A2,263886,B5,10,C5,D1,E1,0,0,20,0
448,50,A2,310774,B0,13,C5,D0,E0,0,0,35,0
449,25,A2,98155,B5,10,C3,D0,E0,0,0,40,0
450,40,A2,259307,B5,10,C1,D0,E0,0,0,50,0
451,39,A2,358753,B7,11,C6,D0,E0,7688,0,40,1
452,41,A2,29762,B1,9,C6,D0,E0,0,0,52,0
453,32,A2,202729,B1,9,C7,D0,E0,0,0,40,0
454,19,A2,28790,B5,10,C4,D0,E1,0,0,40,0
455,26,A2,53209,B1,9,C4,D0,E0,0,0,40,0
456,30,A4,169020,B0,13,C3,D0,E0,0,0,40,0
457,34,A2,127195,B5,10,C1,D0,E0,0,0,40,0
458,41,A2,211731,B5,10,C0,D0,E1,0,0,40,0
459,42,A1,126614,B0,13,C1,D4,E0,0,0,30,0
460,45,A2,259463,B7,11,C3,D0,E0,0,0,40,0
461,22,A2,228411,B5,10,C1,D0,E0,0,0,35,0
462,25,A2,117827,B5,10,C0,D0,E0,0,0,40,0
463,22,A3,57216,B5,10,C0,D1,E0,0,0,20,0
464,46,A0,250821,B10,15,C1,D0,E0,15024,0,40,1
465,48,A5,88564,B5,10,C8,D0,E0,0,0,45,0
466,45,A2,172822,B1,9,C9,D0,E0,0,0,52,0
467,19,A2,251579,B5,10,C4,D0,E0,0,0,14,0
468,31,A2,118399,B2,7,C9,D0,E0,0,0,40,0
469,30,A5,178383,B5,10,C6,D1,E0,0,0,70,0
470,40,A1,170866,B6,12,C8,D0,E0,0,0,50,0
471,22,A2,203894,B5,10,C5,D0,E1,0,0,15,0
472,25,A2,237065,B5,10,C4,D1,E0,0,0,38,0
473,51,A4,108435,B3,14,C3,D0,E0,0,0,80,1
474,32,A2,93213,B6,12,C9,D0,E0,0,0,62,0
475,51,A5,231230,B0,13,C1,D0,E0,0,0,25,1
476,42,A2,386175,B5,10,C5,D0,E0,0,0,50,0
477,39,A2,128392,B1,9,C9,D0,E0,0,1887,40,0
478,24,A2,223515,B1,9,C6,D0,E0,0,0,45,0
479,52,A2,208630,B1,9,C0,D0,E1,0,1741,38,0
480,43,A2,174295,B3,14,C3,D0,E0,0,0,55,1
481,31,A2,60229,B1,9,C9,D0,E0,0,0,40,0
482,28,A2,66095,B1,9,C5,D0,E0,0,0,40,0
483,31,A3,130057,B3,14,C1,D0,E0,7688,0,60,1
484,61,A2,179743,B1,9,C6,D0,E0,0,2051,20,0
485,26,A2,192022,B0,13,C3,D0,E1,0,0,40,0
486,46,A2,45288,B0,13,C4,D0,E0,0,0,40,0
487,50,A2,99476,B3,14,C3,D0,E1,0,0,35,0
488,18,A2,41973,B2,7,C0,D0,E1,0,0,5,0
489,23,A2,162228,B0,13,C5,D0,E0,0,0,48,0
490,21,A2,211968,B5,10,C5,D0,E1,0,1762,28,0
491,46,A2,211226,B6,12,C7,D4,E0,0,0,36,0
492,38,A2,33397,B1,9,C5,D0,E1,0,0,40,0
493,53,A2,120839,B14,8,C8,D0,E0,0,0,40,0
494,53,A2,36327,B1,9,C5,D0,E0,0,0,40,0
495,50,A2,139703,B5,10,C6,D0,E0,0,0,40,0
496,26,A2,107827,B1,9,C4,D0,E0,0,0,25,0
497,46,A4,140219,B3,14,C3,D0,E1,8614,0,55,1
498,44,A4,203761,B0,13,C3,D0,E0,0,0,40,0
499,36,A4,114719,B3,14,C3,D0,E0,0,0,50,0
500,20,A2,344394,B5,10,C4,D0,E1,0,0,30,0
501,35,A2,195516,B8,4,C10,D0,E0,0,0,40,0
502,40,A0,31627,B0,13,C1,D0,E1,0,0,20,0
503,70,A2,174032,B1,9,C5,D0,E0,0,0,40,0
504,57,A2,226875,B8,4,C5,D0,E0,0,0,50,0
505,40,A2,566537,B13,1,C4,D0,E0,0,1672,40,0
506,18,A2,36162,B2,7,C6,D0,E0,0,0,5,0
507,45,A1,31478,B0,13,C5,D0,E0,2829,0,60,1
508,52,A2,294991,B0,13,C3,D0,E0,0,0,40,1
509,42,A5,161532,B0,13,C6,D1,E0,0,0,60,1
510,28,A4,332249,B1,9,C7,D0,E0,0,0,45,0
511,32,A2,268147,B7,11,C10,D0,E1,0,0,60,0
512,56,A3,317847,B0,13,C0,D0,E0,0,0,40,0
513,44,A2,52028,B15,2,C4,D2,E1,0,0,40,0
514,20,A2,184045,B5,10,C5,D1,E1,0,0,30,0
515,32,A2,206609,B0,13,C1,D0,E0,0,0,60,1
516,59,A2,152968,B5,10,C0,D0,E0,3325,0,40,0
517,21,A2,213015,B1,9,C2,D1,E0,2176,0,40,0
518,32,A2,313835,B3,14,C3,D0,E0,0,0,40,0
519,49,A2,66385,B1,9,C5,D0,E0,5013,0,40,1
520,22,A2,205940,B0,13,C0,D0,E1,1055,0,30,0
521,51,A5,260938,B5,10,C1,D0,E0,0,0,50,1
522,33,A2,60567,B1,9,C6,D0,E0,3411,0,40,0
523,23,A2,335067,B0,13,C5,D0,E0,0,0,50,0
524,34,A2,331126,B1,9,C4,D1,E0,0,0,30,0
525,53,A2,156612,B14,8,C7,D0,E1,0,0,40,0
526,44,A2,188436,B0,13,C0,D0,E0,0,0,45,0
527,60,A2,227468,B5,10,C11,D1,E1,0,0,40,0
528,55,A2,183580,B5,10,C6,D0,E0,0,0,38,0
529,57,A1,50990,B1,9,C8,D0,E0,0,0,30,0
530,59,A2,384246,B9,16,C3,D0,E0,0,0,50,1
531,30,A2,176410,B7,11,C3,D0,E1,7298,0,16,0
532,49,A2,93639,B0,13,C1,D0,E1,0,0,43,0
533,45,A2,30289,B14,8,C6,D0,E0,0,0,40,0
534,29,A5,124950,B0,13,C5,D0,E1,0,0,40,0
535,37,A1,126675,B1,9,C8,D0,E0,0,0,60,0
536,21,A2,145964,B14,8,C8,D0,E0,0,0,40,0
537,36,A0,345712,B1,9,C1,D0,E0,0,0,40,0
538,37,A2,180342,B0,13,C5,D0,E0,0,0,45,0
539,19,A2,167087,B1,9,C0,D0,E1,0,0,40,0
540,30,A2,318749,B7,11,C10,D0,E1,0,0,35,0
541,59,A3,293971,B5,10,C10,D0,E0,0,0,40,0
542,32,A2,229566,B7,11,C4,D0,E0,0,0,60,0
543,25,A2,242464,B0,13,C0,D0,E0,0,0,40,0
544,40,A2,111067,B0,13,C2,D0,E0,0,0,80,1
545,49,A4,106554,B0,13,C3,D0,E1,0,0,40,0
546,49,A2,23776,B5,10,C0,D0,E0,0,0,40,0
547,48,A2,105808,B4,5,C7,D0,E0,0,0,40,0
548,42,A2,169995,B5,10,C3,D0,E0,0,0,45,0
549,53,A2,141388,B2,7,C6,D0,E0,0,0,40,0
550,29,A1,241431,B1,9,C6,D0,E0,0,0,45,0
551,54,A1,158948,B1,9,C7,D0,E0,0,0,15,0
552,66,A2,115498,B0,13,C1,D0,E0,99999,0,55,1
553,34,A2,272411,B0,13,C0,D0,E1,0,0,40,0
554,39,A2,30529,B0,13,C1,D0,E0,0,1887,40,1
555,30,A2,190228,B1,9,C2,D0,E0,0,0,40,0
556,27,A2,126060,B0,13,C1,D0,E1,0,0,40,0
557,25,A2,391192,B7,11,C6,D0,E0,0,0,40,0
558,26,A2,214069,B1,9,C8,D0,E0,0,0,40,0
559,45,A2,170871,B1,9,C6,D0,E0,7298,0,60,1
560,55,A2,118993,B5,10,C1,D0,E1,0,0,10,0
561,26,A2,245880,B1,9,C4,D0,E0,0,0,40,0
562,45,A2,174794,B0,13,C3,D0,E1,0,0,56,0
563,61,A4,153408,B3,14,C3,D0,E1,0,0,40,0
564,26,A2,385278,B1,9,C1,D1,E0,0,0,60,0
565,44,A3,38434,B3,14,C3,D0,E1,0,0,40,1
566,45,A1,111679,B5,10,C6,D0,E0,0,0,30,0
567,55,A2,168956,B5,10,C0,D0,E1,0,0,40,0
568,20,A2,86143,B5,10,C4,D2,E0,0,0,30,0
569,48,A2,99835,B6,12,C1,D0,E0,0,0,50,1
570,33,A2,263561,B1,9,C6,D0,E0,0,0,60,0
571,44,A2,118536,B4,5,C9,D1,E0,0,0,40,0
572,32,A5,209691,B0,13,C6,D0,E0,0,0,50,0
573,54,A2,123374,B8,4,C6,D0,E0,0,0,40,0
574,40,A2,137225,B3,14,C1,D0,E0,0,0,40,1
575,29,A2,119359,B1,9,C3,D2,E1,0,0,10,0
576,56,A2,134153,B12,6,C0,D1,E0,0,0,40,0
577,47,A2,121124,B1,9,C6,D0,E0,0,0,40,0
578,22,A2,147655,B5,10,C10,D0,E1,0,0,40,0
579,46,A2,165138,B5,10,C7,D0,E0,0,0,45,0
580,24,A3,312017,B5,10,C1,D0,E0,0,0,40,0
581,37,A2,272950,B1,9,C6,D0,E0,0,0,40,0
582,49,A2,259323,B1,9,C6,D0,E0,0,0,40,0
583,44,A3,281739,B5,10,C0,D0,E0,13550,0,50,1
584,21,A2,119156,B1,9,C6,D0,E0,0,0,40,0
585,55,A2,165881,B1,9,C1,D0,E0,0,0,40,0
586,23,A0,136075,B0,13,C3,D0,E1,0,0,32,0
587,50,A2,187465,B2,7,C5,D0,E1,0,0,40,0
588,44,A2,328561,B7,11,C0,D0,E1,0,0,20,0
589,48,A2,350440,B5,10,C6,D2,E0,0,0,40,0
590,38,A1,109133,B3,14,C1,D0,E0,0,0,70,1
591,48,A2,109814,B10,15,C3,D0,E0,0,1977,45,1
592,39,A2,86643,B5,10,C6,D0,E0,0,0,50,0
593,52,A3,154521,B1,9,C0,D0,E0,0,0,44,0
594,63,A2,45912,B1,9,C4,D0,E1,0,0,40,0
595,48,A2,175070,B1,9,C1,D0,E1,0,2258,40,0
596,37,A2,338033,B3,14,C3,D0,E1,0,0,40,0
597,26,A0,158963,B3,14,C1,D0,E1,0,0,40,0
598,50,A5,121441,B2,7,C1,D0,E0,0,2444,40,1
599,47,A1,242391,B10,15,C3,D0,E0,15024,0,40,1
600,19,A2,119964,B1,9,C6,D0,E1,0,0,15,0
601,34,A2,193344,B5,10,C0,D0,E1,0,0,40,0
602,29,A4,45554,B5,10,C0,D0,E1,0,0,40,0
603,33,A2,249716,B1,9,C10,D0,E0,0,0,45,0
604,53,A2,58985,B5,10,C3,D0,E1,0,0,24,0
605,24,A2,456367,B1,9,C6,D0,E0,0,0,40,0
606,39,A2,117381,B5,10,C7,D0,E0,0,0,65,0
607,50,A1,240922,B6,12,C5,D0,E1,0,1408,5,0
608,31,A2,226443,B0,13,C3,D0,E0,0,0,40,0
609,22,A2,364342,B7,11,C5,D1,E1,0,0,25,0
610,42,A4,101593,B0,13,C11,D0,E0,0,0,42,0
611,23,A2,267471,B14,8,C5,D0,E1,0,0,25,0
612,22,A2,186849,B2,7,C5,D0,E0,0,0,50,0
613,65,A2,174603,B11,3,C9,D0,E1,0,0,10,0
614,34,A2,115040,B1,9,C6,D0,E0,0,0,44,0
615,23,A2,142766,B5,10,C0,D0,E0,1055,0,20,0
616,38,A2,59660,B0,13,C5,D0,E0,7298,0,40,1
617,45,A1,49595,B5,10,C1,D0,E0,0,0,80,0
618,19,A2,127491,B1,9,C4,D0,E0,0,0,40,0
619,46,A2,155933,B0,13,C9,D0,E1,0,1602,8,0
620,23,A2,122272,B5,10,C0,D0,E1,0,0,20,0
621,37,A2,143771,B1,9,C1,D0,E0,0,0,60,0
622,59,A2,91384,B0,13,C0,D0,E0,0,0,40,0
623,36,A0,135874,B0,13,C5,D0,E0,0,0,40,0
624,35,A2,207066,B0,13,C5,D0,E0,10520,0,45,1
625,51,A2,172493,B5,10,C1,D0,E1,0,0,12,0
626,42,A4,189956,B0,13,C3,D1,E1,0,0,30,0
627,35,A2,106967,B3,14,C5,D0,E1,0,0,40,0
628,20,A2,200153,B1,9,C4,D0,E1,0,0,38,0
629,25,A2,149943,B1,9,C4,D2,E0,4101,0,60,0
630,41,A2,151736,B12,6,C9,D0,E0,0,0,40,0
631,40,A2,67852,B1,9,C7,D0,E0,0,0,35,0
632,36,A2,54229,B6,12,C1,D0,E1,0,0,37,0
633,34,A5,154120,B3,14,C5,D0,E0,0,0,60,1
634,44,A1,157217,B0,13,C5,D0,E0,0,0,42,0
635,31,A3,381645,B0,13,C3,D0,E0,0,0,40,0
636,41,A4,160785,B1,9,C6,D0,E0,0,0,40,0
637,43,A2,133584,B5,10,C9,D0,E0,0,0,40,0
638,43,A2,170230,B3,14,C10,D0,E1,0,0,40,0
639,58,A2,250206,B12,6,C6,D0,E0,5178,0,40,1
640,19,A2,128363,B5,10,C5,D0,E1,0,0,30,0
641,43,A4,163434,B0,13,C11,D0,E0,0,0,55,1
642,50,A2,195690,B1,9,C2,D0,E0,0,0,45,0
643,44,A5,138991,B5,10,C1,D0,E0,0,0,50,1
644,46,A2,118419,B1,9,C9,D0,E0,0,0,38,0
645,52,A1,185407,B0,13,C1,D0,E0,0,0,50,1
646,52,A1,283079,B1,9,C3,D0,E0,0,0,50,0
647,18,A2,119655,B14,8,C0,D0,E1,0,0,12,0
648,29,A2,153416,B0,13,C1,D0,E1,0,0,55,0
649,34,A2,220362,B0,13,C1,D0,E0,0,0,40,0
650,23,A4,203078,B5,10,C11,D1,E0,0,0,40,0
651,64,A0,104361,B5,10,C0,D0,E1,0,0,65,0
652,68,A2,274096,B12,6,C7,D0,E0,0,0,20,0
653,42,A0,455553,B1,9,C0,D1,E1,0,0,40,0
654,41,A2,112283,B1,9,C6,D0,E0,0,0,60,0
655,41,A5,64506,B1,9,C8,D0,E0,0,0,50,0
656,22,A0,24395,B5,10,C0,D0,E1,0,0,20,0
657,67,A5,182581,B5,10,C1,D0,E0,20051,0,20,1
658,27,A2,100669,B5,10,C6,D2,E0,0,0,40,0
659,25,A2,178025,B3,14,C3,D0,E0,0,0,40,0
660,28,A2,55191,B6,12,C2,D0,E0,0,0,45,0
661,51,A3,223206,B9,16,C3,D2,E0,15024,0,40,1
662,23,A4,162551,B0,13,C3,D2,E1,0,0,35,0
663,19,A2,693066,B14,8,C4,D0,E1,0,0,15,0
664,33,A2,256362,B5,10,C4,D0,E0,0,0,35,0
665,53,A2,539864,B5,10,C6,D0,E0,0,0,20,0
666,35,A2,241153,B7,11,C10,D0,E0,0,0,40,0
667,31,A2,284395,B0,13,C5,D0,E0,0,0,40,0
668,18,A2,180039,B14,8,C5,D0,E1,0,0,20,0
669,45,A2,178416,B7,11,C2,D0,E1,0,0,40,0
670,28,A2,175710,B0,13,C0,D0,E1,0,0,30,0
671,22,A4,164775,B11,3,C2,D0,E0,0,0,40,0
672,55,A2,176897,B5,10,C10,D0,E0,0,0,40,0
673,45,A2,265097,B1,9,C4,D0,E0,0,1902,40,0
674,22,A2,193090,B1,9,C5,D0,E1,0,0,37,0
675,37,A2,186009,B1,9,C7,D0,E0,0,1672,60,0
676,28,A2,175262,B1,9,C9,D0,E0,0,0,40,0
677,19,A2,109928,B2,7,C5,D1,E1,0,0,35,0
678,37,A1,162834,B1,9,C5,D0,E0,0,1902,45,0
679,50,A2,177896,B9,16,C3,D0,E0,0,0,40,1
680,31,A2,181372,B1,9,C0,D0,E1,0,0,35,0
681,40,A2,70645,B13,1,C4,D0,E1,0,0,20,0
682,51,A2,128272,B4,5,C9,D0,E0,0,0,45,0
683,56,A2,106723,B1,9,C0,D0,E1,0,0,40,0
684,21,A2,122348,B5,10,C10,D0,E1,0,0,35,0
685,40,A2,177905,B7,11,C1,D0,E0,7688,0,44,1
686,22,A2,254547,B5,10,C1,D1,E1,0,0,40,0
687,47,A5,102308,B10,15,C3,D0,E0,0,2415,45,1
688,44,A2,33105,B1,9,C1,D3,E0,0,0,40,0
689,30,A2,215441,B5,10,C0,D4,E0,0,0,40,0
690,44,A4,197919,B5,10,C4,D0,E1,0,0,40,0
691,41,A2,206139,B1,9,C5,D0,E0,0,0,40,0
692,47,A2,117849,B6,12,C5,D0,E0,0,0,44,0
693,26,A2,323044,B5,10,C1,D0,E0,0,0,45,0
694,34,A2,90415,B7,11,C10,D1,E0,0,0,40,0
695,47,A2,294913,B10,15,C1,D0,E0,99999,0,40,1
696,36,A2,127573,B1,9,C0,D0,E1,0,0,38,0
697,21,A2,180190,B7,11,C8,D0,E0,0,0,46,0
698,45,A0,231013,B0,13,C11,D0,E0,0,0,40,0
699,33,A2,356015,B1,9,C6,D3,E0,0,0,35,0
700,33,A2,198069,B1,9,C9,D0,E0,0,0,65,0
701,58,A1,99141,B1,9,C8,D0,E1,0,0,10,0
702,31,A2,188246,B6,12,C6,D0,E0,0,0,50,0
703,32,A1,116508,B5,10,C8,D0,E0,0,0,50,0
704,44,A3,38434,B0,13,C1,D0,E1,0,0,40,0
705,24,A2,128477,B3,14,C3,D0,E1,0,0,40,0
706,35,A2,91839,B0,13,C4,D3,E0,7688,0,20,0
707,43,A2,409922,B0,13,C1,D0,E0,0,1977,50,1
708,49,A2,185041,B1,9,C9,D0,E0,0,0,40,0
709,37,A1,103925,B0,13,C5,D0,E1,0,0,50,0
710,42,A1,34037,B0,13,C8,D0,E0,0,0,35,0
711,31,A2,251659,B5,10,C4,D2,E0,0,1485,55,0
712,19,A2,57145,B1,9,C4,D0,E1,0,0,25,0
713,41,A2,182108,B9,16,C9,D0,E1,0,0,40,0
714,51,A5,213296,B1,9,C4,D0,E0,0,0,30,0
715,51,A5,28765,B10,15,C3,D0,E0,0,0,60,1
716,63,A2,37792,B12,6,C4,D0,E1,0,0,31,0
717,39,A3,232036,B5,10,C0,D0,E0,0,0,40,0
718,30,A2,33678,B1,9,C5,D0,E0,0,0,40,0
719,62,A6,159908,B5,10,C0,D0,E1,0,0,16,0
720,27,A2,176761,B1,9,C6,D4,E0,0,0,40,0
721,32,A2,260954,B2,7,C6,D0,E0,0,2042,30,0
722,37,A4,180342,B0,13,C4,D0,E0,0,0,40,0
723,47,A4,324791,B3,14,C3,D0,E0,0,1887,50,1
724,31,A2,183801,B3,14,C3,D0,E0,0,1902,43,1
725,42,A2,204235,B1,9,C5,D0,E0,0,0,40,0
726,37,A2,249720,B7,11,C5,D1,E1,0,0,32,0
727,60,A2,127084,B1,9,C11,D0,E0,0,2042,34,1
728,42,A4,201495,B5,10,C11,D0,E0,0,0,72,0
729,38,A2,447346,B5,10,C6,D0,E0,0,0,36,0
730,24,A2,206008,B6,12,C3,D1,E0,0,0,20,0
731,34,A2,286020,B1,9,C9,D0,E0,0,0,45,0
732,29,A4,169544,B5,10,C11,D0,E0,0,0,48,0
733,90,A2,313749,B1,9,C0,D0,E1,0,0,25,0
734,55,A2,89182,B14,8,C9,D0,E1,0,0,40,0
735,36,A2,258102,B1,9,C2,D0,E0,0,0,40,0
736,49,A2,255466,B5,10,C0,D0,E1,0,0,60,0
737,50,A2,38795,B0,13,C3,D0,E0,0,0,50,1
738,17,A2,311907,B2,7,C4,D0,E0,0,0,25,0
739,54,A2,171924,B1,9,C7,D0,E0,0,0,70,0
740,26,A2,164488,B0,13,C1,D0,E0,0,0,10,0
741,44,A2,297991,B6,12,C1,D2,E1,0,0,50,0
742,28,A2,478315,B0,13,C3,D1,E1,0,0,40,0
743,54,A4,34832,B9,16,C1,D0,E0,0,0,60,1
744,21,A2,67804,B4,5,C9,D1,E0,0,0,20,0
745,24,A2,34568,B7,11,C7,D0,E0,0,0,40,0
746,31,A2,47151,B1,9,C4,D0,E1,0,0,56,0
747,41,A2,318046,B5,10,C7,D0,E0,0,0,48,0
748,29,A2,363963,B1,9,C4,D0,E1,0,0,40,0
749,50,A2,92811,B0,13,C10,D0,E0,0,0,40,0
750,32,A2,33678,B5,10,C7,D0,E0,0,0,50,0
751,42,A2,66118,B5,10,C9,D0,E1,0,0,40,0
752,47,A2,160474,B1,9,C1,D0,E1,0,0,30,0
753,44,A2,159960,B5,10,C0,D0,E1,0,0,40,0
754,49,A2,242987,B0,13,C3,D0,E0,0,0,40,1
755,61,A2,232719,B3,14,C3,D0,E0,0,0,50,0
756,65,A4,103153,B8,4,C1,D0,E0,0,1411,40,0
757,45,A4,162187,B1,9,C11,D0,E0,0,0,40,0
758,59,A2,207391,B1,9,C9,D0,E0,0,0,40,0
759,34,A2,356882,B5,10,C5,D0,E0,0,0,45,0
760,24,A2,427686,B15,2,C2,D0,E0,0,0,40,0
761,42,A5,191196,B0,13,C1,D0,E0,0,1977,60,1
762,37,A2,377798,B5,10,C6,D0,E0,3103,0,40,0
763,36,A2,43712,B12,6,C6,D0,E0,0,0,40,0
764,54,A2,161691,B3,14,C3,D0,E1,0,2559,40,1
765,34,A2,346034,B14,8,C2,D0,E0,0,0,35,0
766,41,A2,144460,B5,10,C9,D0,E0,0,0,40,0
767,26,A2,262617,B1,9,C6,D0,E0,0,0,48,0
768,23,A3,173851,B1,9,C12,D0,E0,0,0,8,0
769,34,A2,117963,B0,13,C6,D0,E0,0,0,40,0
770,54,A2,219737,B1,9,C5,D0,E1,0,0,37,0
771,37,A2,328466,B1,9,C6,D0,E0,0,0,72,0
772,54,A0,138852,B1,9,C3,D0,E0,0,0,40,0
773,22,A4,195532,B5,10,C11,D0,E1,0,0,43,0
774,32,A2,188246,B1,9,C6,D0,E0,0,0,40,0
775,42,A0,138162,B5,10,C0,D0,E0,0,0,40,0
776,31,A0,110714,B5,10,C4,D0,E1,0,0,37,0
777,48,A2,123075,B9,16,C3,D0,E0,0,0,45,1
778,28,A2,330466,B0,13,C3,D2,E0,0,0,40,0
779,31,A2,254304,B12,6,C6,D0,E0,0,0,38,0
780,28,A2,435842,B0,13,C1,D0,E0,0,0,40,0
781,24,A2,118657,B14,8,C9,D0,E0,0,0,40,0
782,50,A2,278188,B1,9,C6,D0,E1,0,0,45,0
783,26,A2,233777,B1,9,C6,D0,E0,0,0,72,0
784,37,A5,328466,B5,10,C1,D0,E0,0,0,50,1
785,24,A2,176580,B11,3,C8,D0,E0,0,0,40,0
786,32,A2,172415,B1,9,C4,D1,E1,0,0,40,0
787,23,A2,194951,B0,13,C3,D2,E0,0,0,55,0
788,33,A4,318921,B1,9,C7,D0,E1,0,0,35,0
789,49,A2,189462,B1,9,C6,D0,E0,0,0,40,0
790,75,A1,192813,B3,14,C5,D0,E0,0,0,45,0
791,74,A1,199136,B0,13,C6,D0,E0,15831,0,8,1
792,26,A2,156805,B5,10,C9,D1,E0,0,0,40,0
793,34,A2,121966,B0,13,C0,D0,E1,0,0,45,0
794,18,A2,347336,B14,8,C4,D0,E0,0,0,12,0
795,33,A2,205950,B1,9,C6,D0,E0,0,0,40,0
796,36,A0,212143,B0,13,C0,D0,E1,0,0,20,0
797,44,A2,187821,B0,13,C7,D0,E0,0,0,55,0
798,36,A2,250807,B2,7,C6,D1,E1,0,0,40,0
799,53,A2,291755,B7,11,C6,D0,E0,0,0,40,0
800,60,A2,36077,B8,4,C9,D0,E0,0,0,40,0
801,28,A2,119793,B1,9,C6,D0,E0,0,0,40,0
802,36,A2,184655,B12,6,C7,D0,E0,0,0,48,0
803,35,A2,162256,B7,11,C0,D0,E1,6849,0,40,0
804,45,A1,204405,B7,11,C3,D0,E0,0,0,20,0
805,23,A2,133355,B5,10,C0,D0,E0,0,0,15,0
806,35,A2,89559,B5,10,C0,D0,E1,0,0,55,0
807,34,A2,115066,B5,10,C1,D0,E0,0,0,42,0
808,46,A2,139514,B13,1,C9,D1,E0,0,0,75,0
809,58,A0,200316,B1,9,C6,D0,E0,0,0,40,0
810,55,A4,166502,B3,14,C3,D0,E1,0,0,45,0
811,63,A2,226422,B1,9,C6,D0,E0,0,0,40,0
812,41,A1,251305,B5,10,C5,D0,E0,0,0,40,0
813,45,A2,190482,B7,11,C6,D0,E0,0,0,76,0
814,41,A2,122215,B3,14,C3,D0,E0,15024,0,40,1
815,42,A2,248356,B1,9,C5,D0,E1,0,0,40,0
816,90,A4,214594,B8,4,C11,D0,E0,2653,0,40,0
817,41,A2,220460,B1,9,C5,D0,E0,0,0,40,0
818,22,A2,174043,B1,9,C6,D0,E0,0,0,50,0
819,53,A1,137547,B10,15,C3,D2,E0,27828,0,40,1
820,49,A1,111959,B0,13,C1,D0,E0,0,0,60,1
821,51,A2,40641,B5,10,C1,D0,E0,0,0,60,1
822,22,A2,205940,B0,13,C1,D0,E1,0,0,40,0
823,23,A2,265077,B7,11,C4,D0,E1,0,0,40,0
824,59,A2,395736,B1,9,C2,D0,E0,0,0,40,0
825,40,A2,306225,B1,9,C6,D2,E1,0,0,40,0
826,28,A2,180299,B1,9,C7,D0,E0,0,0,70,0
827,39,A2,214896,B1,9,C4,D0,E1,0,0,40,0
828,25,A2,273792,B1,9,C6,D0,E0,0,0,37,0
829,48,A0,224474,B5,10,C1,D0,E1,0,0,40,0
830,62,A2,271431,B4,5,C4,D1,E0,0,0,42,0
831,44,A4,150171,B1,9,C0,D0,E1,0,0,40,0
832,28,A3,381789,B0,13,C3,D0,E0,0,0,50,0
833,62,A2,170984,B5,10,C6,D0,E0,0,0,45,0
834,32,A2,108256,B1,9,C6,D0,E0,0,0,40,0
835,59,A3,23789,B1,9,C5,D0,E1,0,0,40,0
836,20,A2,176321,B5,10,C0,D0,E1,0,0,20,0
837,40,A2,260425,B6,12,C10,D0,E1,1471,0,32,0
838,47,A2,248059,B5,10,C4,D0,E0,0,0,47,0
839,60,A2,56248,B5,10,C5,D0,E0,0,0,40,0
840,55,A2,199763,B1,9,C11,D0,E0,0,0,81,0
841,18,A2,200047,B14,8,C0,D0,E0,0,0,35,0
842,43,A2,191712,B0,13,C0,D0,E0,0,1741,40,1
843,31,A1,156033,B1,9,C4,D0,E0,0,0,35,0
844,22,A2,173736,B1,9,C6,D0,E0,0,0,50,0
845,56,A2,135458,B1,9,C10,D1,E1,0,0,40,0
846,41,A2,185660,B1,9,C0,D0,E1,0,0,40,0
847,24,A2,222005,B1,9,C4,D0,E0,0,0,30,0
848,42,A2,161510,B0,13,C5,D0,E0,7298,0,40,1
849,53,A4,186303,B5,10,C11,D0,E0,0,1887,40,1
850,52,A4,143533,B8,4,C4,D1,E1,0,0,40,0
851,42,A2,288154,B5,10,C6,D0,E0,0,0,89,1
852,48,A2,325372,B15,2,C9,D0,E0,0,0,40,0
853,35,A2,379959,B1,9,C4,D0,E1,0,0,40,0
854,33,A2,168387,B2,7,C4,D0,E0,0,0,40,0
855,20,A2,234640,B5,10,C0,D0,E1,0,0,40,0
856,33,A2,232475,B5,10,C5,D0,E0,0,0,45,0
857,30,A2,205152,B0,13,C5,D0,E0,0,0,40,0
858,31,A2,112115,B5,10,C5,D0,E0,0,0,40,0
859,29,A2,183854,B1,9,C5,D0,E1,0,0,25,0
860,26,A2,164386,B1,9,C6,D0,E0,0,0,48,0
861,61,A2,149620,B5,10,C4,D1,E0,0,0,40,0
862,45,A2,199590,B11,3,C9,D0,E0,0,0,40,0
863,29,A2,83742,B1,9,C4,D0,E1,0,0,45,0
864,57,A1,65080,B1,9,C6,D0,E0,0,0,50,0
865,33,A2,191335,B6,12,C6,D0,E0,0,1902,50,1
866,20,A2,227778,B5,10,C5,D0,E1,0,0,56,0
867,26,A2,48280,B0,13,C3,D0,E1,0,0,40,0
868,36,A2,66304,B0,13,C1,D0,E0,0,0,55,1
869,23,A2,45834,B0,13,C1,D0,E1,0,0,50,0
870,31,A2,298995,B1,9,C4,D1,E1,0,0,35,0
871,47,A2,161950,B1,9,C4,D0,E1,0,0,32,0
872,61,A2,98776,B2,7,C2,D0,E1,0,0,30,0
873,35,A2,102268,B0,13,C1,D0,E0,0,0,45,1
874,23,A2,180771,B15,2,C9,D3,E1,0,0,35,0
875,41,A2,206878,B1,9,C4,D0,E1,0,0,32,0
876,39,A3,110622,B0,13,C0,D2,E1,0,0,40,0
877,51,A4,203334,B9,16,C1,D0,E1,0,0,45,1
878,61,A1,50483,B8,4,C8,D0,E0,0,0,56,0
879,51,A2,274502,B8,4,C9,D0,E1,0,0,48,0
880,36,A2,208068,B13,1,C4,D4,E0,0,0,72,0
881,41,A1,168098,B0,13,C3,D0,E0,0,0,50,0
882,34,A2,213307,B1,9,C2,D0,E1,7443,0,35,0
883,25,A2,175128,B1,9,C7,D0,E0,0,0,40,0
884,37,A2,40955,B10,15,C3,D0,E0,0,0,50,1
885,19,A2,60890,B1,9,C6,D0,E0,0,0,49,0
886,66,A1,102686,B3,14,C1,D0,E0,0,0,20,1
887,23,A2,190273,B0,13,C3,D0,E0,0,0,40,0
888,30,A1,176185,B5,10,C6,D0,E0,0,0,60,0
889,53,A2,304504,B5,10,C7,D0,E0,0,1887,45,0
890,25,A2,390657,B5,10,C4,D1,E0,0,0,40,0
891,18,A2,41381,B1,9,C5,D0,E1,0,1602,20,0
892,51,A2,101432,B1,9,C6,D0,E0,0,0,40,0
893,61,A2,190682,B1,9,C6,D1,E1,0,1669,50,0
894,53,A2,158993,B1,9,C9,D1,E1,0,0,38,0
895,17,A2,117798,B12,6,C4,D0,E0,0,0,20,0
896,61,A2,137554,B8,4,C6,D0,E0,0,0,40,0
897,44,A5,71556,B3,14,C5,D0,E0,0,0,50,1
898,38,A2,257416,B4,5,C7,D1,E0,0,0,40,0
899,40,A2,195617,B5,10,C1,D0,E1,0,0,20,0
900,32,A2,236318,B5,10,C5,D0,E0,0,0,32,0
901,46,A2,42251,B5,10,C5,D0,E0,0,0,45,0
902,50,A2,257933,B5,10,C0,D0,E1,0,0,40,0
903,36,A1,109133,B0,13,C5,D0,E0,0,0,50,0
904,30,A1,261943,B2,7,C6,D0,E0,0,0,30,0
905,33,A2,139057,B3,14,C10,D2,E0,0,0,50,0
906,36,A2,237943,B0,13,C3,D0,E0,0,1977,45,1
907,85,A2,98611,B0,13,C1,D0,E0,0,0,3,1
908,62,A2,128092,B1,9,C0,D0,E1,0,0,32,0
909,24,A2,284317,B0,13,C9,D0,E1,0,0,32,0
910,48,A5,185041,B1,9,C6,D0,E0,7298,0,50,1
911,58,A4,223214,B1,9,C4,D0,E0,0,0,40,0
912,45,A5,173664,B0,13,C1,D0,E0,0,0,45,1
913,66,A2,269665,B1,9,C1,D0,E1,0,0,25,0
914,37,A2,121521,B10,15,C3,D0,E0,15024,0,45,1
915,55,A2,199713,B4,5,C6,D0,E0,0,0,48,0
916,39,A1,193689,B1,9,C1,D0,E0,0,0,65,0
917,58,A5,181974,B9,16,C3,D0,E1,0,0,99,1
918,50,A2,485710,B9,16,C3,D0,E1,0,0,50,0
919,28,A2,185647,B5,10,C2,D0,E0,0,0,50,0
920,34,A2,30673,B3,14,C3,D0,E0,0,0,55,0
921,41,A3,160467,B3,14,C3,D0,E1,1506,0,40,1
922,36,A2,186819,B6,12,C6,D0,E0,0,0,52,0
923,22,A2,67234,B1,9,C2,D0,E0,0,0,45,0
924,35,A2,30673,B14,8,C6,D0,E0,0,0,84,0
925,21,A2,182117,B6,12,C4,D0,E0,0,0,40,0
926,64,A0,222966,B8,4,C4,D1,E1,0,0,40,0
927,41,A2,201495,B3,14,C1,D0,E0,0,0,40,1
928,52,A2,301229,B7,11,C5,D0,E1,0,0,40,0
929,32,A2,157747,B5,10,C3,D0,E0,0,0,40,0
930,27,A2,155382,B5,10,C4,D0,E1,0,0,25,0
931,48,A2,268083,B5,10,C1,D0,E1,0,0,40,0
932,28,A2,113987,B1,9,C9,D0,E1,0,0,40,0
933,24,A2,216984,B5,10,C4,D2,E1,0,0,35,0
934,51,A2,177669,B5,10,C5,D0,E0,0,0,60,0
935,32,A2,164190,B5,10,C1,D0,E0,0,0,40,0
936,61,A2,355645,B1,9,C5,D1,E0,0,0,40,0
937,33,A2,63079,B1,9,C0,D1,E1,0,0,40,0
938,42,A1,217597,B1,9,C5,D0,E0,0,0,50,0
939,24,A2,381895,B2,7,C9,D0,E1,0,0,40,0
940,26,A2,179010,B5,10,C6,D0,E0,0,0,65,0
941,18,A2,436163,B2,7,C3,D0,E0,0,0,20,0
942,34,A2,321709,B1,9,C4,D0,E1,0,0,28,0
943,57,A2,153918,B1,9,C7,D0,E0,0,0,40,0
944,25,A2,403788,B1,9,C6,D1,E0,0,0,40,0
945,34,A2,60567,B2,7,C7,D0,E0,0,880,60,0
946,71,A2,138145,B4,5,C4,D0,E0,0,0,40,0
947,35,A4,79649,B0,13,C3,D0,E0,0,0,50,0
948,47,A2,312088,B1,9,C6,D0,E0,0,0,40,0
949,50,A2,208630,B3,14,C5,D0,E1,0,0,50,0
950,33,A2,182401,B12,6,C0,D1,E0,0,0,40,0
951,38,A2,32916,B7,11,C6,D0,E0,0,0,55,0
952,50,A2,302372,B0,13,C3,D0,E0,0,0,40,1
953,45,A2,155093,B12,6,C4,D1,E1,0,0,38,0
954,32,A2,192965,B1,9,C5,D0,E1,0,0,45,0
955,39,A2,107302,B1,9,C3,D0,E0,0,0,45,0
956,25,A4,514716,B0,13,C0,D1,E1,0,0,40,0
957,20,A2,270436,B1,9,C9,D0,E0,0,0,40,0
958,46,A2,42972,B3,14,C3,D0,E1,0,0,22,0
959,40,A2,142657,B7,11,C6,D1,E0,0,0,45,0
960,66,A3,47358,B12,6,C6,D0,E0,3471,0,40,0
961,30,A2,176175,B7,11,C0,D0,E1,0,0,24,0
962,36,A2,131459,B8,4,C6,D0,E0,0,0,40,0
963,57,A4,110417,B1,9,C6,D0,E0,99999,0,40,1
964,46,A2,364548,B5,10,C1,D0,E0,0,0,48,1
965,27,A2,177398,B1,9,C4,D0,E1,0,0,64,0
966,33,A2,273243,B1,9,C6,D1,E0,0,0,40,0
967,58,A2,147707,B2,7,C5,D0,E0,0,0,40,0
968,30,A2,77266,B1,9,C7,D0,E0,0,0,55,0
969,26,A2,191648,B6,12,C9,D0,E1,0,0,15,0
970,32,A2,211349,B12,6,C7,D0,E0,0,0,40,0
971,22,A2,203715,B5,10,C0,D0,E0,0,0,40,0
972,31,A2,292592,B1,9,C9,D0,E1,0,0,40,0
973,29,A2,125976,B1,9,C5,D0,E1,0,0,35,0
974,34,A2,204461,B9,16,C3,D0,E0,0,0,60,1
975,54,A2,337992,B0,13,C1,D2,E0,0,0,50,1
976,37,A2,179137,B5,10,C0,D0,E1,0,0,39,0
977,22,A2,325033,B14,8,C11,D1,E0,0,0,35,0
978,34,A2,160216,B0,13,C1,D0,E1,0,0,55,0
979,30,A2,345898,B1,9,C6,D1,E0,0,0,46,0
980,38,A2,139180,B0,13,C3,D1,E1,15020,0,45,1
981,45,A0,252208,B1,9,C0,D0,E1,0,0,40,0
982,45,A4,119199,B6,12,C3,D0,E1,0,0,48,0
983,31,A2,199655,B3,14,C4,D4,E1,0,0,30,0
984,39,A4,111499,B6,12,C0,D0,E1,0,0,20,0
985,37,A2,198216,B6,12,C10,D0,E1,0,0,40,0
986,43,A2,260761,B1,9,C9,D0,E0,0,0,40,0
987,65,A1,99359,B10,15,C3,D0,E0,1086,0,60,1
988,43,A0,255835,B5,10,C0,D0,E1,0,0,40,0
989,43,A1,27242,B5,10,C6,D0,E0,0,0,50,0
990,32,A2,34066,B12,6,C2,D3,E0,0,0,40,0
991,43,A2,84661,B7,11,C5,D0,E0,0,0,45,0
992,32,A2,116138,B3,14,C10,D2,E0,0,0,11,0
993,53,A2,321865,B3,14,C1,D0,E0,0,0,40,1
994,22,A2,310152,B5,10,C11,D0,E0,0,0,40,0
995,27,A2,257302,B6,12,C10,D0,E1,0,0,38,0
996,40,A2,154374,B1,9,C9,D0,E0,0,0,40,0
997,58,A2,151910,B1,9,C0,D0,E1,0,0,40,0
998,22,A2,201490,B1,9,C0,D0,E0,0,0,20,0
999,52,A5,287927,B1,9,C1,D0,E1,15024,0,40,1
