V0,V1,V2,V3,V4,V5,V6,V7,V8,V9,V10,V11
A,5.7,0.21,0.25,1.1,0.035,26.0,81.0,0.9902,3.31,0.52,11.4
B,8.7,0.78,0.51,1.7,0.415,12.0,66.0,0.99623,3.0,1.17,9.2
A,7.3,0.26,0.53,12.7,0.047,60.5,156.0,0.9984,3.06,0.45,9.1
A,6.9,0.4,0.37,8.9,0.053,36.0,148.0,0.996,3.16,0.5,9.3
A,7.0,0.22,0.26,2.8,0.036000000000000004,44.0,132.0,0.9907799999999999,3.34,0.41,12.0
A,5.3,0.24,0.33,1.3,0.033,25.0,97.0,0.9906,3.59,0.38,11.0
A,7.7,0.22,0.42,1.9,0.052000000000000005,10.0,87.0,0.9922,3.3,0.49,11.8
A,4.7,0.455,0.18,1.9,0.036000000000000004,33.0,106.0,0.98746,3.21,0.83,14.0
A,6.0,0.67,0.07,1.2,0.06,9.0,108.0,0.9931,3.11,0.35,8.7
B,8.7,0.29,0.52,1.6,0.113,12.0,37.0,0.9969,3.25,0.58,9.5
A,7.3,0.3,0.34,2.7,0.044000000000000004,34.0,108.0,0.99105,3.36,0.53,12.8
A,7.3,0.38,0.23,6.5,0.05,18.0,102.0,0.9930399999999999,3.1,0.55,11.2
A,7.2,0.5,0.0,0.8,0.034,46.0,114.0,0.9932,3.19,0.34,9.2
A,5.4,0.255,0.33,1.2,0.051,29.0,122.0,0.9904799999999999,3.37,0.66,11.3
A,7.6,0.29,0.42,1.3,0.035,18.0,86.0,0.9908,2.99,0.39,11.3
A,6.4,0.28,0.28,3.0,0.04,19.0,98.0,0.99216,3.25,0.47,11.1
A,7.4,0.23,0.38,8.6,0.052000000000000005,41.0,150.0,0.99534,3.06,0.46,10.3
B,7.9,0.54,0.34,2.5,0.076,8.0,17.0,0.99235,3.2,0.72,13.1
B,6.3,0.39,0.08,1.7,0.066,3.0,20.0,0.9954,3.34,0.58,9.4
A,6.5,0.22,0.28,3.7,0.059000000000000004,29.0,151.0,0.99177,3.23,0.41,12.1
B,7.2,0.41,0.3,2.1,0.083,35.0,72.0,0.997,3.44,0.52,9.4
A,5.9,0.24,0.3,2.0,0.033,28.0,92.0,0.99225,3.39,0.69,10.9
A,7.9,0.42,0.49,8.2,0.055999999999999994,32.0,164.0,0.9965,3.29,0.6,11.2
A,6.1,0.17,0.28,4.5,0.033,46.0,150.0,0.9933,3.43,0.49,10.9
B,6.1,0.38,0.15,1.8,0.07200000000000001,6.0,19.0,0.9955,3.42,0.57,9.4
A,7.1,0.14,0.35,1.4,0.039,24.0,128.0,0.9921200000000001,2.97,0.68,10.4
B,10.6,0.83,0.37,2.6,0.086,26.0,70.0,0.9981,3.16,0.52,9.9
A,6.6,0.32,0.22,16.7,0.046,38.0,133.0,0.9979,3.22,0.67,10.4
B,6.5,0.52,0.11,1.8,0.073,13.0,38.0,0.9955,3.34,0.52,9.3
A,6.7,0.22,0.22,1.2,0.038,5.0,124.0,0.99098,3.1,0.37,11.2
B,8.0,0.6,0.22,2.1,0.08,25.0,105.0,0.99613,3.3,0.49,9.9
B,7.7,0.96,0.2,2.0,0.047,15.0,60.0,0.9955,3.36,0.44,10.9
A,6.8,0.19,0.23,5.1,0.034,71.0,204.0,0.9942,3.23,0.69,10.1
A,6.2,0.22,0.27,1.5,0.064,20.0,132.0,0.9938,3.22,0.46,9.2
A,6.2,0.3,0.21,1.1,0.032,31.0,111.0,0.9889,2.97,0.42,12.2
A,7.2,0.28,0.54,16.7,0.045,54.0,200.0,0.9990000000000001,3.08,0.49,9.5
A,6.3,0.28,0.22,9.5,0.04,30.0,111.0,0.9933799999999999,3.05,0.31,10.8
B,7.3,0.66,0.0,2.0,0.084,6.0,23.0,0.9983,3.61,0.96,9.9
A,6.5,0.24,0.32,7.6,0.038,48.0,203.0,0.9958,3.45,0.54,9.7
A,7.3,0.25,0.36,2.1,0.034,30.0,177.0,0.99085,3.25,0.4,11.9
A,7.1,0.31,0.38,1.2,0.036000000000000004,10.0,124.0,0.9924,3.14,0.44,9.9
B,6.6,0.725,0.09,5.5,0.11699999999999999,9.0,17.0,0.99655,3.35,0.49,10.8
A,7.4,0.16,0.49,1.2,0.055,18.0,150.0,0.9917,3.23,0.47,11.2
A,6.5,0.18,0.33,1.4,0.028999999999999998,35.0,138.0,0.9911399999999999,3.36,0.6,11.5
A,6.8,0.18,0.3,12.8,0.062,19.0,171.0,0.99808,3.0,0.52,9.0
A,6.7,0.34,0.3,8.5,0.059000000000000004,24.0,152.0,0.99615,3.46,0.64,11.0
A,6.8,0.17,0.34,2.0,0.04,38.0,111.0,0.99,3.24,0.45,12.9
B,7.3,0.38,0.21,2.0,0.08,7.0,35.0,0.9961,3.33,0.47,9.5
A,7.0,0.25,0.45,2.3,0.045,40.0,118.0,0.99064,3.16,0.48,11.9
A,6.4,0.35,0.2,5.7,0.034,18.0,117.0,0.9944,3.33,0.43,10.1
A,7.2,0.19,0.31,1.4,0.046,37.0,135.0,0.9939,3.34,0.57,10.2
A,9.0,0.26,0.34,6.7,0.028999999999999998,21.0,162.0,0.99497,3.08,0.5,10.6
A,7.3,0.2,0.26,1.6,0.04,36.0,123.0,0.9923799999999999,3.34,0.44,10.8
B,12.5,0.37,0.55,2.6,0.083,25.0,68.0,0.9995,3.15,0.82,10.4
B,7.0,0.69,0.0,1.9,0.114,3.0,10.0,0.99636,3.35,0.6,9.7
B,9.5,0.56,0.33,2.4,0.08900000000000001,35.0,67.0,0.9972,3.28,0.73,11.8
A,6.2,0.39,0.24,4.8,0.037000000000000005,45.0,138.0,0.99174,3.23,0.43,11.2
A,7.3,0.145,0.33,1.1,0.042,14.0,64.0,0.9901200000000001,3.1,0.37,11.8
A,6.5,0.24,0.19,1.2,0.040999999999999995,30.0,111.0,0.99254,2.99,0.46,9.4
A,7.0,0.31,0.31,9.1,0.036000000000000004,45.0,140.0,0.99216,2.98,0.31,12.0
A,8.3,0.21,0.58,17.1,0.049,62.0,213.0,1.0006,3.01,0.51,9.3
A,6.7,0.31,0.18,7.7,0.043,57.0,200.0,0.99566,3.17,0.44,9.4
A,6.1,0.37,0.46,12.0,0.042,61.0,210.0,0.997,3.17,0.59,9.7
A,6.7,0.22,0.33,1.2,0.036000000000000004,36.0,86.0,0.9905799999999999,3.1,0.76,11.4
B,9.1,0.29,0.33,2.05,0.063,13.0,27.0,0.99516,3.26,0.84,11.7
A,6.4,0.31,0.39,7.5,0.04,57.0,213.0,0.99475,3.32,0.43,10.0
B,7.4,0.41,0.24,1.8,0.066,18.0,47.0,0.9956,3.37,0.62,10.4
A,6.1,0.36,0.26,8.15,0.035,14.0,88.0,0.99031,3.06,0.27,13.0
A,5.9,0.2,0.28,12.8,0.038,29.0,132.0,0.99426,3.31,0.57,11.8
A,6.0,0.2,0.33,1.1,0.039,45.0,126.0,0.99051,3.31,0.45,11.6
A,6.5,0.33,0.3,3.8,0.036000000000000004,34.0,88.0,0.9902799999999999,3.25,0.63,12.5
A,6.2,0.2,0.26,1.1,0.047,42.0,119.0,0.9915799999999999,3.48,0.6,11.0
A,7.0,0.2,0.34,5.7,0.035,32.0,83.0,0.9928,3.19,0.46,11.5
B,6.9,0.765,0.18,2.4,0.243,5.5,48.0,0.9961200000000001,3.4,0.6,10.3
A,8.1,0.27,0.35,1.7,0.03,38.0,103.0,0.99255,3.22,0.63,10.4
A,10.3,0.17,0.47,1.4,0.037000000000000005,5.0,33.0,0.9939,2.89,0.28,9.6
B,8.2,0.33,0.39,2.5,0.07400000000000001,29.0,48.0,0.9952799999999999,3.32,0.88,12.4
A,6.9,0.23,0.34,2.7,0.032,24.0,121.0,0.9902,3.14,0.38,12.4
B,11.5,0.54,0.71,4.4,0.124,6.0,15.0,0.9984,3.01,0.83,11.8
A,6.2,0.31,0.21,6.3,0.040999999999999995,50.0,218.0,0.9941,3.15,0.6,10.0
B,7.2,0.36,0.46,2.1,0.07400000000000001,24.0,44.0,0.99534,3.4,0.85,11.0
A,8.5,0.21,0.26,9.25,0.034,73.0,142.0,0.9945,3.05,0.37,11.4
A,8.1,0.3,0.31,1.1,0.040999999999999995,49.0,123.0,0.9914,2.99,0.45,11.1
B,7.5,0.6,0.03,1.8,0.095,25.0,99.0,0.995,3.35,0.54,10.1
A,6.8,0.16,0.4,2.3,0.037000000000000005,18.0,102.0,0.9923,3.49,0.42,11.4
A,6.6,0.25,0.31,1.5,0.035,32.0,127.0,0.9921,3.41,0.47,11.3
A,6.5,0.14,0.33,7.6,0.05,53.0,189.0,0.9966,3.25,0.49,8.6
A,8.0,0.45,0.28,10.8,0.051,25.0,157.0,0.9957,3.06,0.47,11.4
A,7.7,0.27,0.35,5.3,0.03,30.0,117.0,0.992,3.11,0.42,12.2
A,5.8,0.31,0.32,4.5,0.024,28.0,94.0,0.98906,3.25,0.52,13.7
A,7.5,0.22,0.32,2.4,0.045,29.0,100.0,0.99135,3.08,0.6,11.3
A,4.6,0.445,0.0,1.4,0.053,11.0,178.0,0.99426,3.79,0.55,10.2
A,7.1,0.53,0.24,0.8,0.028999999999999998,29.0,86.0,0.993,3.16,0.32,9.1
A,7.1,0.36,0.37,4.8,0.019,39.0,114.0,0.99036,3.08,0.49,12.7
A,7.2,0.115,0.3,6.8,0.055999999999999994,26.0,105.0,0.9954,3.44,0.4,9.6
A,6.6,0.39,0.39,11.9,0.057,51.0,221.0,0.99851,3.26,0.51,8.9
A,6.7,0.37,0.25,2.5,0.027999999999999997,24.0,84.0,0.9909,3.14,0.36,11.7
A,6.6,0.26,0.24,7.2,0.038,28.0,137.0,0.9952,3.35,0.6,10.4
A,8.4,0.17,0.31,5.4,0.052000000000000005,47.0,150.0,0.9953,3.24,0.38,9.8
A,6.2,0.26,0.29,2.0,0.036000000000000004,16.0,87.0,0.9908100000000001,3.33,0.61,11.8
A,6.3,0.25,0.22,3.3,0.048,41.0,161.0,0.99256,3.16,0.5,10.5
B,10.1,0.38,0.5,2.4,0.10400000000000001,6.0,13.0,0.9964299999999999,3.22,0.65,11.6
A,7.9,0.18,0.33,1.2,0.033,20.0,72.0,0.9922,3.12,0.38,10.5
B,10.1,0.37,0.34,2.4,0.085,5.0,17.0,0.9968299999999999,3.17,0.65,10.6
B,7.7,0.39,0.12,1.7,0.09699999999999999,19.0,27.0,0.9959600000000001,3.16,0.49,9.4
A,6.4,0.26,0.22,5.1,0.037000000000000005,23.0,131.0,0.9944,3.29,0.32,10.1
A,6.6,0.3,0.25,8.0,0.036000000000000004,21.0,124.0,0.9936200000000001,3.06,0.38,10.8
B,8.5,0.21,0.52,1.9,0.09,9.0,23.0,0.9964799999999999,3.36,0.67,10.4
A,7.1,0.27,0.24,12.6,0.044000000000000004,48.0,118.0,0.99726,3.04,0.56,10.0
B,7.9,0.57,0.31,2.0,0.079,10.0,79.0,0.99677,3.29,0.69,9.5
A,7.4,0.33,0.26,2.6,0.04,29.0,115.0,0.9913,3.07,0.52,11.8
A,7.0,0.2,0.33,4.7,0.03,25.0,76.0,0.9920200000000001,2.88,0.54,10.5
A,8.3,0.18,0.37,1.2,0.049,6.0,94.0,0.9937,3.18,0.52,10.1
B,6.5,0.53,0.06,2.0,0.063,29.0,44.0,0.9948899999999999,3.38,0.83,10.3
A,6.3,0.28,0.24,8.45,0.031,32.0,172.0,0.9958,3.39,0.57,9.7
A,7.0,0.21,0.22,5.1,0.048,38.0,168.0,0.9945,3.34,0.49,10.4
B,7.3,0.34,0.33,2.5,0.064,21.0,37.0,0.9952,3.35,0.77,12.1
A,7.4,0.21,0.27,1.2,0.040999999999999995,27.0,99.0,0.9927,3.19,0.33,9.8
A,8.7,0.3,0.59,1.7,0.046,10.0,70.0,0.9937299999999999,3.06,0.56,10.8
B,7.3,1.07,0.09,1.7,0.17800000000000002,10.0,89.0,0.9962,3.3,0.57,9.0
A,6.1,0.32,0.33,10.7,0.036000000000000004,27.0,98.0,0.99521,3.34,0.52,10.2
A,7.0,0.32,0.34,1.3,0.042,20.0,69.0,0.9912,3.31,0.65,12.0
B,8.2,0.31,0.4,2.2,0.057999999999999996,6.0,10.0,0.99536,3.31,0.68,11.2
A,6.9,0.33,0.21,1.0,0.053,39.0,148.0,0.9927,3.12,0.45,9.4
B,8.9,0.75,0.14,2.5,0.086,9.0,30.0,0.99824,3.34,0.64,10.5
A,6.2,0.37,0.24,6.1,0.032,19.0,86.0,0.98934,3.04,0.26,13.4
A,7.4,0.4,0.29,5.4,0.044000000000000004,31.0,122.0,0.9940000000000001,3.3,0.5,11.1
A,7.3,0.17,0.24,8.1,0.121,32.0,162.0,0.99508,3.17,0.38,10.4
A,6.4,0.23,0.35,10.3,0.042,54.0,140.0,0.9967,3.23,0.47,9.2
A,7.8,0.32,0.33,10.4,0.031,47.0,194.0,0.99692,3.07,0.58,9.6
A,6.9,0.28,0.41,1.7,0.05,10.0,136.0,0.993,3.16,0.71,11.4
A,6.2,0.235,0.34,1.9,0.036000000000000004,4.0,117.0,0.9903200000000001,3.4,0.44,12.2
A,6.5,0.23,0.39,1.9,0.036000000000000004,41.0,98.0,0.99,3.19,0.43,11.9
A,6.0,0.28,0.27,2.3,0.051,23.0,147.0,0.9940000000000001,3.23,0.67,10.3
B,6.4,0.57,0.02,1.8,0.067,4.0,11.0,0.997,3.46,0.68,9.5
B,8.6,0.53,0.22,2.0,0.1,7.0,27.0,0.9967,3.2,0.56,10.2
B,8.0,0.6,0.22,2.1,0.08,25.0,105.0,0.99613,3.3,0.49,9.9
A,7.3,0.2,0.39,2.3,0.048,24.0,87.0,0.99044,2.94,0.35,12.0
A,6.9,0.34,0.74,11.2,0.069,44.0,150.0,0.9968,3.0,0.81,9.2
A,6.3,0.21,0.28,1.5,0.051,46.0,142.0,0.9928,3.23,0.42,10.1
B,8.8,0.45,0.43,1.4,0.076,12.0,21.0,0.99551,3.21,0.75,10.2
B,10.5,0.51,0.64,2.4,0.107,6.0,15.0,0.9973,3.09,0.66,11.8
A,7.4,0.16,0.3,13.7,0.055999999999999994,33.0,168.0,0.99825,2.9,0.44,8.7
A,10.3,0.25,0.48,2.2,0.042,28.0,164.0,0.998,3.19,0.59,9.7
A,6.8,0.29,0.56,11.9,0.043,66.0,230.0,0.9972,3.02,0.63,9.3
A,6.9,0.18,0.36,1.3,0.036000000000000004,40.0,117.0,0.9934,3.27,0.95,9.5
A,6.2,0.39,0.24,4.8,0.037000000000000005,45.0,138.0,0.99174,3.23,0.43,11.2
A,7.6,0.2,0.3,14.2,0.055999999999999994,53.0,212.5,0.9990000000000001,3.14,0.46,8.9
A,6.9,0.24,0.39,1.3,0.063,18.0,136.0,0.9928,3.31,0.48,10.4
A,6.5,0.23,0.36,16.3,0.038,43.0,133.0,0.99924,3.26,0.41,8.8
A,7.0,0.39,0.24,1.0,0.048,8.0,119.0,0.9923,3.0,0.31,10.1
A,6.1,0.36,0.58,15.0,0.044000000000000004,42.0,115.0,0.9978,3.15,0.51,9.0
A,7.8,0.18,0.46,12.6,0.042,41.0,143.0,1.0,3.24,0.76,8.5
A,6.2,0.22,0.28,2.2,0.04,24.0,125.0,0.9917,3.19,0.48,10.5
A,4.8,0.21,0.21,10.2,0.037000000000000005,17.0,112.0,0.99324,3.66,0.48,12.2
A,6.3,0.15,0.34,11.4,0.05,25.0,96.0,0.99754,3.21,0.49,10.0
A,7.3,0.23,0.27,2.6,0.035,39.0,120.0,0.9913799999999999,3.04,0.59,11.3
A,7.7,0.25,0.3,7.8,0.038,67.0,196.0,0.99555,3.1,0.5,10.1
A,6.2,0.53,0.02,0.9,0.035,6.0,81.0,0.99234,3.24,0.35,9.5
A,8.2,0.32,0.26,2.1,0.062,26.0,87.0,0.98974,3.1,0.47,12.8
A,6.1,0.6,0.0,1.3,0.042,24.0,79.0,0.9937,3.31,0.38,9.4
A,5.9,0.3,0.3,2.0,0.03,38.0,142.0,0.98892,3.41,0.41,12.9
A,7.6,0.18,0.28,7.1,0.040999999999999995,29.0,110.0,0.9965200000000001,3.2,0.42,9.2
A,7.2,0.28,0.3,10.7,0.044000000000000004,61.0,222.0,0.9972,3.14,0.5,9.1
A,5.7,0.26,0.27,4.1,0.201,73.5,189.5,0.9942,3.27,0.38,9.4
A,6.9,0.3,0.49,7.6,0.057,25.0,156.0,0.9962,3.43,0.63,11.0
A,7.9,0.22,0.49,3.8,0.042,26.0,105.0,0.993,3.1,0.39,10.5
A,6.6,0.15,0.32,6.0,0.033,59.0,128.0,0.99192,3.19,0.71,12.1
A,6.4,0.17,0.27,1.5,0.037000000000000005,20.0,98.0,0.9916,3.46,0.42,11.0
A,7.0,0.24,0.32,1.3,0.037000000000000005,39.0,123.0,0.992,3.17,0.42,11.2
B,7.9,0.2,0.35,1.7,0.054000000000000006,7.0,15.0,0.9945799999999999,3.32,0.8,11.9
A,6.7,0.44,0.22,4.3,0.032,19.0,99.0,0.99015,3.26,0.53,12.8
A,7.9,0.44,0.26,4.45,0.033,23.0,100.0,0.9911700000000001,3.17,0.52,12.7
A,6.0,0.19,0.37,9.7,0.032,17.0,50.0,0.9932,3.08,0.66,12.0
A,5.2,0.2,0.27,3.2,0.047,16.0,93.0,0.99235,3.44,0.53,10.1
A,5.8,0.23,0.31,3.5,0.044000000000000004,35.0,158.0,0.98998,3.19,0.37,12.1
A,6.2,0.21,0.28,5.7,0.027999999999999997,45.0,121.0,0.9916799999999999,3.21,1.08,12.15
A,5.8,0.27,0.2,14.95,0.044000000000000004,22.0,179.0,0.9962,3.37,0.37,10.2
A,7.2,0.18,0.45,4.4,0.046,57.0,166.0,0.9943,3.13,0.62,11.2
A,6.4,0.5,0.2,2.4,0.059000000000000004,19.0,112.0,0.9931399999999999,3.18,0.4,9.2
A,6.7,0.3,0.29,2.8,0.025,37.0,107.0,0.99159,3.31,0.63,11.3
A,6.0,0.25,0.28,2.2,0.026000000000000002,54.0,126.0,0.9898,3.43,0.65,12.9
A,8.5,0.19,0.48,1.1,0.026000000000000002,23.0,58.0,0.9918399999999999,2.9,0.5,10.5
A,7.0,0.27,0.74,1.5,0.036000000000000004,27.0,122.0,0.9926,3.35,0.48,11.2
A,7.3,0.22,0.49,9.4,0.034,29.0,134.0,0.9939,2.99,0.32,11.0
A,5.4,0.415,0.19,1.6,0.039,27.0,88.0,0.99265,3.54,0.41,10.0
A,6.2,0.25,0.21,15.55,0.039,28.0,159.0,0.9982,3.48,0.64,9.6
A,7.6,0.29,0.49,9.6,0.03,45.0,197.0,0.9938,3.13,0.38,12.3
A,5.7,0.27,0.32,1.2,0.046,20.0,155.0,0.9934,3.8,0.41,10.2
A,7.0,0.24,0.35,1.5,0.052000000000000005,51.0,128.0,0.9941,3.41,0.59,10.4
A,6.3,0.23,0.31,1.5,0.022000000000000002,11.0,82.0,0.9892,3.3,0.4,12.9
A,7.9,0.18,0.36,5.9,0.057999999999999996,31.0,132.0,0.995,3.25,0.52,10.9
A,7.8,0.23,0.28,4.75,0.042,45.0,166.0,0.9928,2.96,0.4,11.5
A,6.5,0.3,0.32,2.0,0.044000000000000004,34.0,90.0,0.99185,3.37,0.68,11.0
A,4.9,0.33,0.31,1.2,0.016,39.0,150.0,0.98713,3.33,0.59,14.0
A,9.4,0.24,0.29,8.5,0.037000000000000005,124.0,208.0,0.99395,2.9,0.38,11.0
A,7.0,0.24,0.26,1.7,0.040999999999999995,31.0,110.0,0.9914200000000001,3.2,0.53,11.0
A,7.6,0.27,0.24,3.8,0.057999999999999996,19.0,115.0,0.9958,3.15,0.45,8.9
A,6.0,0.13,0.28,5.7,0.038,56.0,189.5,0.9948,3.59,0.43,10.6
A,6.0,0.23,0.34,1.3,0.025,23.0,111.0,0.98961,3.36,0.37,12.7
A,7.3,0.24,0.34,15.4,0.05,38.0,174.0,0.9983,3.03,0.42,9.0
B,7.6,0.41,0.33,2.5,0.078,6.0,23.0,0.9957,3.3,0.58,11.2
B,9.0,0.47,0.31,2.7,0.084,24.0,125.0,0.9984,3.31,0.61,9.4
A,6.1,0.41,0.0,1.6,0.063,36.0,87.0,0.9914,3.27,0.67,10.8
A,6.1,0.17,0.28,2.5,0.027999999999999997,22.0,98.0,0.99072,3.16,0.37,11.1
A,6.5,0.24,0.38,1.0,0.027000000000000003,31.0,90.0,0.98926,3.24,0.36,12.3
A,4.8,0.26,0.23,10.6,0.034,23.0,111.0,0.99274,3.46,0.28,11.5
A,7.4,0.16,0.3,13.7,0.055999999999999994,33.0,168.0,0.99825,2.9,0.44,8.7
A,6.8,0.26,0.24,7.8,0.052000000000000005,54.0,214.0,0.9961,3.13,0.47,8.9
A,7.8,0.26,0.49,3.2,0.027000000000000003,28.0,87.0,0.9919,3.03,0.32,11.3
A,7.0,0.2,0.49,5.9,0.038,39.0,128.0,0.9938,3.21,0.48,10.8
B,7.0,0.57,0.02,2.0,0.07200000000000001,17.0,26.0,0.99575,3.36,0.61,10.2
A,8.0,0.32,0.26,1.2,0.05,11.5,88.0,0.9946,3.24,0.37,9.5
A,6.7,0.24,0.3,10.2,0.07,44.0,179.0,0.99666,2.86,0.46,8.9
B,9.2,0.63,0.21,2.7,0.09699999999999999,29.0,65.0,0.9988,3.28,0.58,9.6
A,8.3,0.4,0.41,8.2,0.05,15.0,122.0,0.9979,3.39,0.49,9.3
A,6.2,0.25,0.25,1.4,0.03,35.0,105.0,0.9912,3.3,0.44,11.1
A,7.1,0.39,0.3,9.9,0.037000000000000005,29.0,124.0,0.9941399999999999,3.07,0.42,10.9
B,6.9,0.58,0.01,1.9,0.08,40.0,54.0,0.9968299999999999,3.4,0.73,9.7
B,7.6,0.42,0.25,3.9,0.10400000000000001,28.0,90.0,0.99784,3.15,0.57,9.1
A,7.3,0.22,0.41,15.4,0.05,55.0,191.0,1.0,3.32,0.59,8.9
A,6.2,0.32,0.24,4.1,0.051,34.0,149.0,0.99306,3.36,0.52,11.0
A,6.3,0.22,0.57,1.4,0.20800000000000002,14.0,96.0,0.9932,3.16,0.43,10.0
A,9.2,0.28,0.46,3.2,0.057999999999999996,39.0,133.0,0.996,3.14,0.58,9.5
B,7.2,0.5,0.18,2.1,0.071,12.0,31.0,0.99761,3.52,0.72,9.6
A,6.5,0.13,0.27,2.6,0.035,32.0,76.0,0.9914,3.21,0.76,11.333333333333302
B,6.3,1.02,0.0,2.0,0.083,17.0,24.0,0.9943700000000001,3.59,0.55,11.2
A,7.8,0.2,0.24,1.6,0.026000000000000002,26.0,189.0,0.991,3.08,0.74,12.1
A,6.6,0.425,0.25,2.35,0.034,23.0,87.0,0.99082,3.05,0.41,11.4
A,6.3,0.1,0.24,6.0,0.039,25.0,107.0,0.99511,3.59,0.49,10.5
B,6.6,0.735,0.02,7.9,0.122,68.0,124.0,0.9994,3.47,0.53,9.9
A,7.1,0.4,0.52,1.3,0.14800000000000002,45.0,149.0,0.9946799999999999,3.08,0.56,8.7
A,6.6,0.35,0.26,2.7,0.045,19.0,129.0,0.9895200000000001,3.24,0.48,13.0
A,9.8,0.44,0.4,2.8,0.036000000000000004,35.0,167.0,0.9956,2.97,0.39,9.2
A,6.6,0.39,0.22,4.0,0.038,17.0,98.0,0.99018,3.25,0.53,13.0
A,6.4,0.23,0.33,1.15,0.044000000000000004,15.5,217.5,0.992,3.33,0.44,11.0
A,8.1,0.36,0.59,13.6,0.051,60.0,134.0,0.9988600000000001,2.96,0.39,8.7
B,7.1,0.59,0.01,2.3,0.08,27.0,43.0,0.9955,3.42,0.58,10.7
B,7.1,0.68,0.07,1.9,0.075,16.0,51.0,0.99685,3.38,0.52,9.5
A,5.8,0.24,0.44,3.5,0.028999999999999998,5.0,109.0,0.9913,3.53,0.43,11.7
B,6.9,0.48,0.2,1.9,0.08199999999999999,9.0,23.0,0.99585,3.39,0.43,9.05
B,11.7,0.49,0.49,2.2,0.083,5.0,15.0,1.0,3.19,0.43,9.2
A,7.3,0.25,0.36,2.1,0.034,30.0,177.0,0.99085,3.25,0.4,11.9
A,7.0,0.24,0.35,1.0,0.032,42.0,104.0,0.98988,3.16,0.37,11.7
A,5.7,0.21,0.32,1.6,0.03,33.0,122.0,0.99044,3.33,0.52,11.9
A,7.5,0.29,0.24,9.9,0.057999999999999996,25.0,115.0,0.99567,3.15,0.46,10.9
B,7.6,0.36,0.31,1.7,0.079,26.0,65.0,0.99716,3.46,0.62,9.5
A,8.0,0.3,0.36,11.0,0.034,8.0,70.0,0.99354,3.05,0.41,12.2
A,7.1,0.26,0.31,2.2,0.044000000000000004,29.0,128.0,0.9937,3.34,0.64,10.9
A,6.0,0.27,0.27,1.6,0.046,32.0,113.0,0.9924,3.41,0.51,10.5
B,5.4,0.74,0.09,1.7,0.08900000000000001,16.0,26.0,0.9940200000000001,3.67,0.56,11.6
A,6.5,0.46,0.24,11.5,0.051,56.0,171.0,0.9958799999999999,3.08,0.56,9.8
A,8.6,0.16,0.49,7.3,0.043,9.0,63.0,0.9953,3.13,0.59,10.5
A,7.3,0.33,0.4,6.85,0.038,32.0,138.0,0.992,3.03,0.3,11.9
B,6.4,0.795,0.0,2.2,0.065,28.0,52.0,0.9937799999999999,3.49,0.52,11.6
B,8.6,0.37,0.65,6.4,0.08,3.0,8.0,0.9981700000000001,3.27,0.58,11.0
A,6.4,0.32,0.23,16.2,0.055,36.0,176.0,0.9986,3.26,0.54,9.1
B,9.1,0.3,0.41,2.0,0.068,10.0,24.0,0.99523,3.27,0.85,11.7
A,9.0,0.43,0.3,1.5,0.05,7.0,175.0,0.9951,3.11,0.45,9.7
B,12.6,0.31,0.72,2.2,0.07200000000000001,6.0,29.0,0.9987,2.88,0.82,9.8
A,6.8,0.15,0.33,4.7,0.059000000000000004,31.0,118.0,0.9956,3.43,0.39,9.0
A,6.1,0.14,0.25,1.3,0.047,37.0,173.0,0.9925,3.35,0.46,10.0
A,4.8,0.65,0.12,1.1,0.013000000000000001,4.0,10.0,0.99246,3.32,0.36,13.5
B,9.8,0.34,0.39,1.4,0.066,3.0,7.0,0.9947,3.19,0.55,11.4
A,6.5,0.27,0.19,4.2,0.046,6.0,114.0,0.9955,3.25,0.35,8.6
A,5.8,0.2,0.3,1.5,0.031,21.0,57.0,0.99115,3.44,0.55,11.0
B,8.6,0.49,0.51,2.0,0.42200000000000004,16.0,62.0,0.9979,3.03,1.17,9.0
A,6.0,0.26,0.29,1.0,0.032,27.0,96.0,0.9896,3.38,0.44,12.3
B,7.0,0.69,0.07,2.5,0.091,15.0,21.0,0.99572,3.38,0.6,11.3
A,7.3,0.13,0.32,14.4,0.051,34.0,109.0,0.9974,3.2,0.35,9.2
A,7.1,0.17,0.4,14.55,0.047,47.0,156.0,0.99945,3.34,0.78,9.1
A,5.7,0.31,0.29,7.3,0.05,33.0,143.0,0.9933200000000001,3.31,0.5,11.066666666666698
A,6.8,0.33,0.44,7.0,0.05,29.0,155.0,0.9955,3.14,0.42,9.5
A,7.4,0.16,0.3,13.7,0.055999999999999994,33.0,168.0,0.99825,2.9,0.44,8.7
A,6.5,0.18,0.41,14.2,0.039,47.0,129.0,0.9967799999999999,3.28,0.72,10.3
A,7.1,0.44,0.37,2.7,0.040999999999999995,35.0,128.0,0.9896,3.07,0.43,13.5
A,5.7,0.24,0.3,1.3,0.03,25.0,98.0,0.9896799999999999,3.37,0.43,12.4
A,5.6,0.18,0.27,1.7,0.03,31.0,103.0,0.98892,3.35,0.37,12.9
A,7.2,0.22,0.28,7.2,0.06,41.0,132.0,0.9935,3.08,0.59,11.3
A,5.8,0.19,0.49,4.9,0.04,44.0,118.0,0.9935,3.34,0.38,9.5
A,6.5,0.33,0.3,3.8,0.036000000000000004,34.0,88.0,0.9902799999999999,3.25,0.63,12.5
A,6.4,0.105,0.29,1.1,0.035,44.0,140.0,0.9914200000000001,3.17,0.55,10.7
B,8.1,0.67,0.55,1.8,0.11699999999999999,32.0,141.0,0.9968,3.17,0.62,9.4
A,6.6,0.24,0.35,7.7,0.031,36.0,135.0,0.9938,3.19,0.37,10.5
A,6.8,0.32,0.18,7.5,0.040999999999999995,71.0,223.0,0.9959,3.14,0.41,8.9
B,8.3,1.02,0.02,3.4,0.084,6.0,11.0,0.99892,3.48,0.49,11.0
B,12.8,0.3,0.74,2.6,0.095,9.0,28.0,0.9994,3.2,0.77,10.8
B,10.4,0.44,0.73,6.55,0.07400000000000001,38.0,76.0,0.9990000000000001,3.17,0.85,12.0
A,5.9,0.22,0.29,4.2,0.037000000000000005,69.0,144.0,0.9921399999999999,3.13,0.74,10.8
A,7.1,0.37,0.67,10.5,0.045,49.0,155.0,0.9975,3.16,0.44,8.7
B,6.1,0.32,0.25,1.8,0.086,5.0,32.0,0.99464,3.36,0.44,10.1
A,7.3,0.29,0.29,4.6,0.028999999999999998,27.0,155.0,0.9931,3.07,0.26,10.6
A,6.1,0.2,0.25,1.2,0.038,34.0,128.0,0.9921,3.24,0.44,10.1
A,6.0,0.42,0.41,12.4,0.032,50.0,179.0,0.9962200000000001,3.14,0.6,9.7
A,6.4,0.2,0.32,3.1,0.040999999999999995,18.0,126.0,0.9914,3.43,0.42,12.0
A,7.3,0.19,0.49,15.55,0.057999999999999996,50.0,134.0,0.9998,3.42,0.36,9.1
A,6.6,0.22,0.53,15.1,0.052000000000000005,22.0,136.0,0.9986,2.94,0.35,9.4
A,6.2,0.33,0.14,4.8,0.052000000000000005,27.0,128.0,0.99475,3.21,0.48,9.4
B,10.5,0.24,0.42,1.8,0.077,6.0,22.0,0.9976,3.21,1.05,10.8
B,7.0,0.56,0.17,1.7,0.065,15.0,24.0,0.9951399999999999,3.44,0.68,10.55
B,10.6,0.48,0.64,2.2,0.111,6.0,20.0,0.997,3.26,0.66,11.7
A,6.4,0.31,0.5,5.8,0.038,42.0,111.0,0.9918899999999999,3.18,0.53,11.9
B,5.2,0.49,0.26,2.3,0.09,23.0,74.0,0.9953,3.71,0.62,12.2
A,6.8,0.18,0.28,9.8,0.039,29.0,113.0,0.99406,3.11,0.45,10.9
B,7.7,0.43,0.25,2.6,0.073,29.0,63.0,0.99615,3.37,0.58,10.5
A,6.6,0.24,0.38,12.75,0.034,8.0,74.0,0.9938600000000001,3.1,0.57,12.9
B,8.0,0.18,0.37,0.9,0.049,36.0,109.0,0.9900700000000001,2.89,0.44,12.7
B,7.7,0.26,0.3,1.7,0.059000000000000004,20.0,38.0,0.9949,3.29,0.47,10.8
A,7.6,0.27,0.34,5.0,0.04,18.0,56.0,0.9908399999999999,3.06,0.48,12.4
A,6.8,0.2,0.25,6.2,0.052000000000000005,22.0,106.0,0.9935,3.09,0.54,10.8
A,7.0,0.61,0.26,1.7,0.051,25.0,161.0,0.9946,3.36,0.6,10.6
B,7.1,0.69,0.04,2.1,0.068,19.0,27.0,0.9971200000000001,3.44,0.67,9.8
A,6.6,0.29,0.44,9.0,0.053,62.0,178.0,0.99685,3.02,0.45,8.9
A,6.9,0.32,0.16,1.4,0.051,15.0,96.0,0.9940000000000001,3.22,0.38,9.5
A,7.6,0.19,0.37,13.1,0.033,52.0,151.0,0.99726,3.18,0.79,10.4
A,7.1,0.25,0.28,1.2,0.04,31.0,111.0,0.99174,3.18,0.53,11.1
A,6.5,0.28,0.34,3.6,0.04,29.0,121.0,0.99111,3.28,0.48,12.1
A,5.9,0.21,0.31,1.8,0.033,45.0,142.0,0.9898399999999999,3.35,0.5,12.7
A,6.4,0.13,0.47,1.6,0.092,40.0,158.0,0.9928,3.21,0.36,9.8
A,6.1,0.19,0.37,2.6,0.040999999999999995,24.0,99.0,0.9915299999999999,3.18,0.5,10.9
B,7.1,0.43,0.17,1.8,0.08199999999999999,27.0,51.0,0.99634,3.49,0.64,10.4
A,6.2,0.27,0.26,12.1,0.046,43.0,127.0,0.9951,3.16,0.37,10.8
A,6.7,0.21,0.49,1.4,0.047,30.0,114.0,0.9914,2.92,0.42,10.8
A,5.6,0.24,0.34,2.0,0.040999999999999995,14.0,73.0,0.9898100000000001,3.04,0.45,11.6
A,6.7,0.22,0.37,1.6,0.027999999999999997,24.0,102.0,0.9913,3.29,0.59,11.6
A,6.7,0.21,0.32,5.4,0.047,29.0,140.0,0.995,3.39,0.46,9.7
A,6.9,0.46,0.2,0.9,0.054000000000000006,5.0,126.0,0.992,3.1,0.42,10.4
A,8.3,0.18,0.3,1.1,0.033,20.0,57.0,0.9910899999999999,3.02,0.51,11.0
A,7.2,0.4,0.62,10.8,0.040999999999999995,70.0,189.0,0.9976,3.08,0.49,8.6
A,5.9,0.34,0.31,2.0,0.03,38.0,142.0,0.98892,3.4,0.41,12.9
A,6.9,0.2,0.41,1.1,0.06,36.0,104.0,0.9931700000000001,2.99,0.39,9.2
A,6.7,0.36,0.26,7.9,0.034,39.0,123.0,0.99119,2.99,0.3,12.2
A,6.9,0.15,0.29,2.3,0.033,14.0,82.0,0.9913200000000001,3.1,0.58,11.2
A,6.4,0.29,0.3,2.9,0.036000000000000004,25.0,79.0,0.9903700000000001,3.29,0.6,12.4
A,6.2,0.23,0.36,17.2,0.039,37.0,130.0,0.99946,3.23,0.43,8.8
A,6.6,0.23,0.26,1.3,0.045,16.0,128.0,0.9934,3.36,0.6,10.0
B,7.0,0.22,0.3,1.8,0.065,16.0,20.0,0.99672,3.61,0.82,10.0
A,7.5,0.23,0.49,7.7,0.049,61.0,209.0,0.9941,3.14,0.3,11.1
A,6.8,0.31,0.3,8.0,0.027999999999999997,33.0,122.0,0.99164,3.13,0.63,12.6
A,7.2,0.29,0.4,13.6,0.045,66.0,231.0,0.9977,3.08,0.59,9.6
A,6.3,0.33,0.2,17.9,0.066,36.0,161.0,0.9991,3.14,0.51,8.8
A,7.8,0.21,0.39,1.8,0.034,62.0,180.0,0.991,3.09,0.75,12.6
A,6.4,0.22,0.38,9.1,0.044000000000000004,35.0,127.0,0.99326,2.97,0.3,11.0
A,5.9,0.5,0.05,2.6,0.054000000000000006,36.0,146.0,0.9948,3.43,0.5,9.2
A,6.5,0.37,0.3,2.2,0.033,39.0,107.0,0.9889399999999999,3.22,0.53,13.5
A,6.3,0.22,0.33,1.7,0.040999999999999995,67.0,164.0,0.9928,3.32,0.56,10.4
A,7.0,0.3,0.27,1.5,0.076,24.0,145.0,0.99344,3.1,0.52,10.1
A,5.8,0.23,0.27,1.8,0.043,24.0,69.0,0.9933,3.38,0.31,9.4
A,5.6,0.19,0.27,0.9,0.04,52.0,103.0,0.99026,3.5,0.39,11.2
A,6.8,0.28,0.6,1.1,0.132,42.0,127.0,0.9934,3.09,0.44,9.1
B,6.7,0.855,0.02,1.9,0.064,29.0,38.0,0.99472,3.3,0.56,10.75
A,8.5,0.25,0.27,4.7,0.031,31.0,92.0,0.9922,3.01,0.33,12.0
B,9.3,0.5,0.36,1.8,0.084,6.0,17.0,0.9970399999999999,3.27,0.77,10.8
B,7.0,0.62,0.08,1.8,0.076,8.0,24.0,0.9978,3.48,0.53,9.0
A,7.0,0.48,0.12,4.5,0.05,23.0,86.0,0.99398,2.86,0.35,9.0
A,6.6,0.13,0.29,13.9,0.055999999999999994,33.0,95.0,0.99702,3.17,0.39,9.4
A,6.3,0.13,0.42,1.1,0.043,63.0,146.0,0.99066,3.13,0.72,11.2
B,6.7,0.54,0.13,2.0,0.076,15.0,36.0,0.9973,3.61,0.64,9.8
A,7.0,0.44,0.24,12.1,0.055999999999999994,68.0,210.0,0.99718,3.05,0.5,9.5
B,7.2,0.35,0.26,1.8,0.083,33.0,75.0,0.9968,3.4,0.58,9.5
A,5.6,0.22,0.32,1.2,0.024,29.0,97.0,0.9882299999999999,3.2,0.46,13.05
A,7.6,0.21,0.49,2.5,0.047,20.0,130.0,0.9917799999999999,3.15,0.48,11.1
A,6.5,0.29,0.31,1.7,0.035,24.0,79.0,0.9905299999999999,3.27,0.69,11.4
A,7.3,0.22,0.37,14.3,0.063,48.0,191.0,0.9978,2.89,0.38,9.0
A,7.7,0.32,0.61,11.8,0.040999999999999995,66.0,188.0,0.9979399999999999,3.0,0.54,9.3
A,5.8,0.26,0.18,1.2,0.031,40.0,114.0,0.9908,3.42,0.4,11.0
A,6.8,0.21,0.49,14.5,0.06,50.0,170.0,0.9991,3.55,0.44,9.8
A,6.4,0.22,0.34,1.8,0.057,29.0,104.0,0.9959,3.81,0.57,10.3
A,8.0,0.37,0.32,1.6,0.04,32.0,166.0,0.992,3.0,0.55,11.3
A,5.8,0.28,0.34,2.2,0.037000000000000005,24.0,125.0,0.9898600000000001,3.36,0.33,12.8
B,6.3,0.51,0.13,2.3,0.076,29.0,40.0,0.99574,3.42,0.75,11.0
A,7.6,0.31,0.29,10.5,0.04,21.0,145.0,0.9966,3.04,0.35,9.4
A,7.4,0.34,0.42,1.1,0.033,17.0,171.0,0.9917,3.12,0.53,11.3
A,5.4,0.595,0.1,2.8,0.042,26.0,80.0,0.9932,3.36,0.38,9.3
A,8.4,0.35,0.71,12.2,0.046,22.0,160.0,0.9982,2.98,0.65,9.4
A,7.6,0.36,0.48,13.5,0.038,44.0,116.0,0.9982,3.04,0.48,9.2
B,10.2,0.41,0.43,2.2,0.11,11.0,37.0,0.9972799999999999,3.16,0.67,10.8
A,6.5,0.23,0.39,1.9,0.036000000000000004,41.0,98.0,0.99,3.19,0.43,11.9
A,7.2,0.24,0.4,1.4,0.045,31.0,106.0,0.9914,2.88,0.38,10.8
B,8.4,0.67,0.19,2.2,0.09300000000000001,11.0,75.0,0.99736,3.2,0.59,9.2
A,4.4,0.54,0.09,5.1,0.038,52.0,97.0,0.9902200000000001,3.41,0.4,12.2
A,6.2,0.34,0.28,7.5,0.034,40.0,197.0,0.99485,3.14,0.6,9.7
A,8.2,0.27,0.39,7.8,0.039,49.0,208.0,0.9976,3.31,0.51,9.5
A,7.9,0.26,0.33,10.3,0.039,73.0,212.0,0.9969,2.93,0.49,9.5
A,6.0,0.32,0.3,1.3,0.025,18.0,112.0,0.9880200000000001,3.07,0.64,13.3
A,7.2,0.17,0.37,6.9,0.059000000000000004,47.0,128.0,0.9932200000000001,3.08,0.46,11.0
A,7.5,0.38,0.56,9.7,0.055,15.0,170.0,0.99605,3.13,0.65,9.9
A,7.1,0.29,0.28,9.3,0.048,50.0,141.0,0.9949,3.13,0.49,10.3
A,7.1,0.55,0.13,1.7,0.073,21.0,165.0,0.9940000000000001,2.97,0.58,9.2
A,6.4,0.23,0.37,7.9,0.05,60.0,150.0,0.9948799999999999,2.86,0.49,9.3
B,11.6,0.47,0.44,1.6,0.147,36.0,51.0,0.99836,3.38,0.86,9.9
A,6.0,0.2,0.26,1.1,0.033,38.0,67.0,0.98954,3.14,0.38,11.5
B,11.4,0.36,0.69,2.1,0.09,6.0,21.0,1.0,3.17,0.62,9.2
A,7.3,0.21,0.21,1.6,0.046,35.0,133.0,0.99466,3.38,0.46,10.0
A,6.4,0.37,0.12,5.9,0.055999999999999994,6.0,91.0,0.99536,3.06,0.46,8.4
A,8.3,0.26,0.41,9.2,0.042,41.0,162.0,0.9944,3.1,0.38,12.0
B,8.2,0.74,0.09,2.0,0.067,5.0,10.0,0.99418,3.28,0.57,11.8
A,6.8,0.37,0.28,4.0,0.03,29.0,79.0,0.99,3.23,0.46,12.4
B,7.0,0.6,0.3,4.5,0.068,20.0,110.0,0.9991399999999999,3.3,1.17,10.2
A,6.4,0.26,0.24,6.4,0.04,27.0,124.0,0.9903,3.22,0.49,12.6
B,10.4,0.26,0.48,1.9,0.066,6.0,10.0,0.99724,3.33,0.87,10.9
A,7.6,0.35,0.46,14.7,0.047,33.0,151.0,0.9970899999999999,3.03,0.53,10.3
B,8.9,0.4,0.32,5.6,0.087,10.0,47.0,0.9991,3.38,0.77,10.5
A,6.9,0.37,0.23,9.5,0.057,54.0,166.0,0.9956799999999999,3.23,0.42,10.0
A,7.4,0.14,0.3,1.3,0.033,25.0,91.0,0.9926799999999999,3.53,0.39,10.6
A,6.6,0.35,0.29,14.4,0.044000000000000004,54.0,177.0,0.9991,3.17,0.58,8.9
A,7.8,0.18,0.31,12.2,0.053,46.0,140.0,0.998,3.06,0.53,8.9
A,7.0,0.23,0.26,7.2,0.040999999999999995,21.0,90.0,0.9950899999999999,3.22,0.55,9.5
B,11.1,0.35,0.48,3.1,0.09,5.0,21.0,0.9986,3.17,0.53,10.5
A,7.3,0.19,0.27,13.9,0.057,45.0,155.0,0.9980700000000001,2.94,0.41,8.8
A,5.5,0.16,0.22,4.5,0.03,30.0,102.0,0.9938,3.24,0.36,9.4
A,8.0,0.3,0.28,5.7,0.044000000000000004,31.0,124.0,0.9948,3.16,0.51,10.2
A,8.2,0.2,0.49,3.5,0.057,14.0,108.0,0.9928,3.19,0.35,11.5
A,6.6,0.15,0.34,5.1,0.055,34.0,125.0,0.9942,3.36,0.42,9.6
A,6.5,0.08,0.33,1.9,0.027999999999999997,23.0,93.0,0.991,3.34,0.7,12.0
A,6.9,0.4,0.17,12.9,0.033,59.0,186.0,0.99754,3.08,0.49,9.4
B,7.2,0.38,0.38,2.8,0.068,23.0,42.0,0.99356,3.34,0.72,12.9
A,7.0,0.15,0.28,14.7,0.051,29.0,149.0,0.99792,2.96,0.39,9.0
A,6.2,0.24,0.28,12.2,0.049,54.0,133.0,0.9952,3.19,0.37,10.7
B,8.5,0.46,0.31,2.25,0.078,32.0,58.0,0.998,3.33,0.54,9.8
A,5.6,0.21,0.24,4.4,0.027000000000000003,37.0,150.0,0.991,3.3,0.31,11.5
A,5.3,0.43,0.11,1.1,0.028999999999999998,6.0,51.0,0.9907600000000001,3.51,0.48,11.2
A,7.4,0.28,0.4,11.9,0.032,13.0,92.0,0.99629,3.01,0.46,10.8
A,6.0,0.21,0.34,2.0,0.042,63.0,123.0,0.9905200000000001,3.44,0.42,11.4
A,6.6,0.17,0.28,1.1,0.034,55.0,108.0,0.98939,3.0,0.52,11.9
A,6.4,0.4,0.19,3.2,0.033,28.0,124.0,0.9904,3.22,0.54,12.7
B,11.6,0.32,0.55,2.8,0.081,35.0,67.0,1.0002,3.32,0.92,10.8
A,8.0,0.28,0.3,8.4,0.03,35.0,115.0,0.99192,2.93,0.42,12.3
B,8.3,0.31,0.39,2.4,0.078,17.0,43.0,0.99444,3.31,0.77,12.5
A,6.7,0.27,0.26,2.3,0.043,61.0,181.0,0.9939399999999999,3.45,0.63,10.6
A,5.8,0.31,0.33,1.2,0.036000000000000004,23.0,99.0,0.9916,3.18,0.6,10.5
B,12.0,0.38,0.56,2.1,0.09300000000000001,6.0,24.0,0.99925,3.14,0.71,10.9
A,8.1,0.4,0.32,7.9,0.031,23.0,118.0,0.9917600000000001,3.05,0.46,13.3
A,7.1,0.46,0.23,13.7,0.045,44.0,192.0,0.9981,3.11,0.53,9.4
A,5.9,0.29,0.33,7.4,0.037000000000000005,58.0,205.0,0.99495,3.26,0.41,9.6
A,6.0,0.45,0.65,9.7,0.08,11.0,159.0,0.9956,3.04,0.48,9.4
B,9.9,0.74,0.19,5.8,0.111,33.0,76.0,0.9987799999999999,3.14,0.55,9.4
A,6.4,0.3,0.16,7.5,0.05,55.0,191.0,0.9959,3.17,0.49,9.0
A,10.0,0.91,0.42,1.6,0.055999999999999994,34.0,181.0,0.9968,3.11,0.46,10.0
A,7.5,0.24,0.29,1.1,0.046,34.0,84.0,0.9902,3.04,0.39,11.45
A,6.4,0.27,0.19,1.9,0.085,21.0,196.0,0.99516,3.49,0.64,9.5
A,7.3,0.4,0.28,6.5,0.037000000000000005,26.0,97.0,0.9914799999999999,3.16,0.58,12.6
A,7.6,0.18,0.36,2.4,0.049,38.0,123.0,0.996,3.6,0.46,10.3
A,7.6,0.4,0.27,5.2,0.03,32.0,101.0,0.99172,3.22,0.62,12.3
A,8.4,0.2,0.38,11.8,0.055,51.0,170.0,1.0004,3.34,0.82,8.9
A,6.1,0.41,0.0,1.6,0.063,36.0,87.0,0.9914,3.27,0.67,10.8
A,6.6,0.36,0.28,6.1,0.028999999999999998,12.0,93.0,0.99054,3.19,0.27,12.8
B,8.9,0.28,0.45,1.7,0.067,7.0,12.0,0.99354,3.25,0.55,12.3
A,7.7,0.31,0.23,2.0,0.069,29.0,134.0,0.99382,3.11,0.62,9.8
A,5.0,0.2,0.4,1.9,0.015,20.0,98.0,0.9897,3.37,0.55,12.05
A,7.0,0.3,0.38,14.9,0.032,60.0,181.0,0.9983,3.18,0.61,9.3
A,5.8,0.26,0.29,1.0,0.042,35.0,101.0,0.99044,3.36,0.48,11.4
A,8.1,0.2,0.49,11.8,0.048,46.0,212.0,0.9968,3.09,0.46,10.0
A,5.9,0.54,0.0,0.8,0.032,12.0,82.0,0.9928600000000001,3.25,0.36,8.8
A,5.8,0.32,0.38,4.75,0.033,23.0,94.0,0.991,3.42,0.42,11.8
A,6.9,0.24,0.33,12.5,0.046,47.0,153.0,0.9983,3.28,0.77,9.6
A,6.4,0.37,0.19,3.5,0.068,18.0,101.0,0.9934,3.03,0.38,9.0
A,6.6,0.38,0.29,2.9,0.035,15.0,101.0,0.98916,3.04,0.37,12.5
A,5.5,0.32,0.45,4.9,0.027999999999999997,25.0,191.0,0.9922,3.51,0.49,11.5
B,6.8,0.5,0.11,1.5,0.075,16.0,49.0,0.99545,3.36,0.79,9.5
A,8.2,0.26,0.33,2.6,0.053,11.0,71.0,0.9940200000000001,2.89,0.49,9.5
A,8.8,0.35,0.49,1.0,0.036000000000000004,14.0,56.0,0.992,2.96,0.33,10.5
A,7.2,0.21,0.37,1.6,0.049,23.0,94.0,0.9924,3.16,0.48,10.9
A,7.3,0.25,0.36,13.1,0.05,35.0,200.0,0.9986,3.04,0.46,8.9
A,7.6,0.15,0.35,4.3,0.051,23.0,98.0,0.9942200000000001,3.1,0.44,9.5
A,6.6,0.16,0.25,9.8,0.049,59.5,137.0,0.995,3.16,0.38,10.0
A,6.6,0.25,0.25,1.3,0.04,28.0,85.0,0.9898399999999999,2.87,0.48,11.2
A,5.0,0.44,0.04,18.6,0.039,38.0,128.0,0.9985,3.37,0.57,10.2
B,8.0,0.59,0.16,1.8,0.065,3.0,16.0,0.9962,3.42,0.92,10.5
A,6.2,0.55,0.45,12.0,0.049,27.0,186.0,0.9974,3.17,0.5,9.3
A,6.4,0.24,0.32,0.95,0.040999999999999995,23.0,131.0,0.9903299999999999,3.25,0.35,11.8
A,6.4,0.22,0.38,9.1,0.044000000000000004,35.0,127.0,0.99326,2.97,0.3,11.0
A,7.2,0.13,0.46,1.3,0.044000000000000004,48.0,111.0,0.9912700000000001,2.97,0.45,11.1
B,6.8,0.63,0.07,2.1,0.08900000000000001,11.0,44.0,0.9953,3.47,0.55,10.4
B,10.3,0.27,0.24,2.1,0.07200000000000001,15.0,33.0,0.9956,3.22,0.66,12.8
A,7.2,0.31,0.41,8.6,0.053,15.0,89.0,0.9976,3.29,0.64,9.9
A,5.6,0.35,0.4,6.3,0.022000000000000002,23.0,174.0,0.9922,3.54,0.5,11.6
A,7.8,0.29,0.22,9.5,0.055999999999999994,44.0,213.0,0.99715,3.08,0.61,9.3
A,6.0,0.17,0.21,6.0,0.05,26.0,134.0,0.9939,3.08,0.54,9.8
A,5.9,0.36,0.04,5.7,0.046,21.0,87.0,0.9934,3.22,0.51,10.2
A,7.8,0.39,0.26,9.9,0.059000000000000004,33.0,181.0,0.9955,3.04,0.42,10.9
A,5.6,0.32,0.33,7.4,0.037000000000000005,25.0,95.0,0.9926799999999999,3.25,0.49,11.1
A,8.9,0.34,0.34,1.6,0.055999999999999994,13.0,176.0,0.9946,3.14,0.47,9.7
A,6.0,0.36,0.39,3.2,0.027000000000000003,20.0,125.0,0.991,3.38,0.39,11.3
A,7.5,0.18,0.72,9.6,0.039,53.0,151.0,0.99802,3.03,0.46,8.9
A,6.6,0.19,0.35,1.5,0.037000000000000005,37.0,107.0,0.99006,3.18,0.68,12.0
A,7.0,0.3,0.51,13.6,0.05,40.0,168.0,0.9976,3.07,0.52,9.6
A,6.3,0.35,0.3,5.7,0.035,8.0,97.0,0.9927,3.27,0.41,11.0
B,8.4,0.37,0.53,1.8,0.413,9.0,26.0,0.9979,3.06,1.06,9.1
B,7.7,0.56,0.08,2.5,0.114,14.0,46.0,0.9971,3.24,0.66,9.6
A,5.8,0.34,0.21,7.2,0.040999999999999995,48.0,146.0,0.99441,3.16,0.49,9.8
A,7.1,0.44,0.37,2.7,0.040999999999999995,35.0,128.0,0.9896,3.07,0.43,13.5
A,6.2,0.24,0.22,7.9,0.053,45.0,149.0,0.99545,3.23,0.52,9.3
B,8.5,0.34,0.4,4.7,0.055,3.0,9.0,0.9973799999999999,3.38,0.66,11.6
A,6.9,0.19,0.4,1.4,0.036000000000000004,14.0,55.0,0.9909,3.08,0.68,11.5
A,7.9,0.16,0.3,4.8,0.037000000000000005,37.0,171.0,0.9967,3.47,0.44,9.0
A,5.9,0.28,0.39,1.4,0.031,47.0,147.0,0.98836,3.08,0.64,12.9
B,9.9,0.57,0.25,2.0,0.10400000000000001,12.0,89.0,0.9963,3.04,0.9,10.1
B,11.5,0.35,0.49,3.3,0.07,10.0,37.0,1.0003,3.32,0.91,11.0
B,8.9,0.4,0.51,2.6,0.052000000000000005,13.0,27.0,0.995,3.32,0.9,13.4
A,6.9,0.23,0.32,16.4,0.045,62.0,153.0,0.9972,3.22,0.42,10.5
A,6.1,0.31,0.58,5.0,0.039,36.0,114.0,0.9909,3.3,0.6,12.3
A,6.6,0.28,0.23,10.4,0.049,45.0,190.0,0.99754,3.12,0.51,8.8
B,6.6,0.5,0.04,2.1,0.068,6.0,14.0,0.9955,3.39,0.64,9.4
A,7.3,0.2,0.39,2.3,0.048,24.0,87.0,0.99044,2.94,0.35,12.0
B,6.7,0.46,0.24,1.7,0.077,18.0,34.0,0.9948,3.39,0.6,10.6
A,7.8,0.25,0.28,7.2,0.04,46.0,179.0,0.99541,3.14,0.6,10.1
A,5.9,0.34,0.22,2.4,0.03,19.0,135.0,0.9894,3.41,0.78,13.9
A,6.8,0.26,0.29,11.9,0.052000000000000005,54.0,160.0,0.99546,3.03,0.58,10.4
A,6.7,0.18,0.28,10.2,0.039,29.0,115.0,0.99469,3.11,0.45,10.9
A,6.7,0.28,0.34,8.9,0.048,32.0,111.0,0.99455,3.25,0.54,11.0
A,7.0,0.19,0.23,5.7,0.12300000000000001,27.0,104.0,0.9954,3.04,0.54,9.4
A,6.4,0.33,0.28,4.0,0.04,24.0,81.0,0.9903,3.26,0.64,12.6
B,8.3,0.43,0.3,3.4,0.079,7.0,34.0,0.9978799999999999,3.36,0.61,10.5
B,9.5,0.59,0.44,2.3,0.071,21.0,68.0,0.9992,3.46,0.63,9.5
B,8.5,0.4,0.4,6.3,0.05,3.0,10.0,0.99566,3.28,0.56,12.0
B,8.1,0.38,0.28,2.1,0.066,13.0,30.0,0.9968,3.23,0.73,9.7
B,7.5,0.57,0.08,2.6,0.08900000000000001,14.0,27.0,0.99592,3.3,0.59,10.4
B,8.1,0.66,0.7,2.2,0.098,25.0,129.0,0.9972,3.08,0.53,9.0
A,7.1,0.28,0.44,1.8,0.032,32.0,107.0,0.9907,3.25,0.48,12.2
A,6.8,0.16,0.18,1.8,0.046,31.0,114.0,0.99226,3.27,0.55,10.8
A,7.9,0.25,0.35,6.7,0.039,22.0,64.0,0.9936200000000001,2.93,0.49,10.7
A,6.0,0.1,0.24,1.1,0.040999999999999995,15.0,65.0,0.9927,3.61,0.61,10.3
A,9.2,0.34,0.54,17.3,0.06,46.0,235.0,1.0018200000000002,3.08,0.61,8.8
A,6.0,0.17,0.33,6.0,0.036000000000000004,30.0,111.0,0.9936200000000001,3.32,0.58,10.1333333333333
A,6.5,0.15,0.44,12.6,0.052000000000000005,65.0,158.0,0.9968799999999999,3.26,0.7,10.3
A,7.3,0.18,0.31,17.3,0.055,32.0,197.0,1.0002,3.13,0.46,9.0
A,8.7,0.31,0.73,14.35,0.044000000000000004,27.0,191.0,1.00013,2.96,0.88,8.7
A,6.9,0.18,0.36,1.3,0.036000000000000004,40.0,117.0,0.9934,3.27,0.95,9.5
A,6.6,0.25,0.3,14.4,0.052000000000000005,40.0,183.0,0.998,3.02,0.5,9.1
A,6.7,0.26,0.29,7.1,0.036000000000000004,28.0,100.0,0.99534,3.08,0.36,9.3
A,7.3,0.19,0.27,13.9,0.057,45.0,155.0,0.9980700000000001,2.94,0.41,8.8
A,6.4,0.27,0.49,7.3,0.046,53.0,206.0,0.9956,3.24,0.43,9.2
A,6.7,0.24,0.32,9.0,0.023,20.0,109.0,0.9926200000000001,3.34,0.35,12.6
A,4.2,0.17,0.36,1.8,0.028999999999999998,93.0,161.0,0.9899899999999999,3.65,0.89,12.0
A,7.2,0.26,0.44,7.1,0.027000000000000003,25.0,126.0,0.993,3.02,0.34,11.1
A,6.6,0.5,0.26,11.3,0.028999999999999998,32.0,110.0,0.9930200000000001,3.27,0.78,12.9
B,7.2,0.58,0.03,2.3,0.077,7.0,28.0,0.9956799999999999,3.35,0.52,10.0
A,5.2,0.31,0.2,2.4,0.027000000000000003,27.0,117.0,0.9888600000000001,3.56,0.45,13.0
A,6.1,0.27,0.28,9.8,0.042,61.0,125.0,0.9953200000000001,3.14,0.42,10.2
A,8.1,0.26,0.33,11.1,0.052000000000000005,52.5,158.0,0.9976,3.03,0.49,10.2
A,5.6,0.28,0.27,3.9,0.043,52.0,158.0,0.9920200000000001,3.35,0.44,10.7
A,6.6,0.32,0.22,16.7,0.046,38.0,133.0,0.9979,3.22,0.67,10.4
A,6.7,0.31,0.3,2.4,0.038,30.0,83.0,0.98867,3.09,0.36,12.8
A,6.8,0.19,0.36,1.9,0.035,30.0,96.0,0.9917,3.15,0.54,10.8
B,7.8,0.48,0.68,1.7,0.415,14.0,32.0,0.99656,3.09,1.06,9.1
A,9.8,0.36,0.46,10.5,0.038,4.0,83.0,0.9956,2.89,0.3,10.1
A,5.2,0.36,0.02,1.6,0.031,24.0,104.0,0.9896,3.44,0.35,12.2
B,5.9,0.44,0.0,1.6,0.042,3.0,11.0,0.9944,3.48,0.85,11.7
B,8.8,0.4,0.4,2.2,0.079,19.0,52.0,0.998,3.44,0.64,9.2
A,7.7,0.43,0.28,4.5,0.046,33.0,102.0,0.9918,3.16,0.56,12.2
A,6.45,0.14,0.42,1.2,0.05,51.0,129.0,0.99116,3.27,0.69,11.1
A,6.0,0.615,0.04,0.8,0.032,8.0,50.0,0.99036,3.14,0.4,11.0
A,7.0,0.53,0.43,6.1,0.028999999999999998,6.0,76.0,0.99118,3.08,0.5,12.5
B,9.9,0.59,0.07,3.4,0.102,32.0,71.0,1.00015,3.31,0.71,9.8
B,11.2,0.66,0.24,2.5,0.085,16.0,53.0,0.9993,3.06,0.72,11.0
A,6.0,0.31,0.27,2.3,0.042,19.0,120.0,0.9895200000000001,3.32,0.41,12.7
A,7.7,0.28,0.35,15.3,0.055999999999999994,31.0,117.0,0.9998,3.27,0.5,9.6
A,6.9,0.38,0.25,9.8,0.04,28.0,191.0,0.9971,3.28,0.61,9.2
A,7.3,0.3,0.22,6.4,0.055999999999999994,44.0,168.0,0.9947,3.13,0.35,10.1
A,6.1,0.28,0.25,12.9,0.054000000000000006,34.0,189.0,0.9979,3.25,0.43,9.0
A,5.2,0.21,0.31,1.7,0.048,17.0,61.0,0.9895299999999999,3.24,0.37,12.0
A,7.0,0.14,0.32,9.0,0.039,54.0,141.0,0.9956,3.22,0.43,9.4
B,8.5,0.44,0.5,1.9,0.369,15.0,38.0,0.99634,3.01,1.1,9.4
A,6.7,0.24,0.39,2.9,0.17300000000000001,63.0,157.0,0.9937,3.1,0.34,9.4
B,9.6,0.33,0.52,2.2,0.07400000000000001,13.0,25.0,0.9950899999999999,3.36,0.76,12.4
A,6.2,0.45,0.73,7.2,0.099,47.0,202.0,0.99582,3.21,0.43,9.2
A,7.1,0.2,0.27,9.6,0.037000000000000005,19.0,105.0,0.99444,3.04,0.37,10.5
B,7.5,0.52,0.16,1.9,0.085,12.0,35.0,0.9968,3.38,0.62,9.5
A,5.8,0.21,0.32,1.6,0.045,38.0,95.0,0.98946,3.23,0.94,12.4
B,7.7,0.43,0.25,2.6,0.073,29.0,63.0,0.99615,3.37,0.58,10.5
A,7.2,0.17,0.28,17.55,0.05,33.0,154.0,0.99971,2.94,0.43,9.0
A,7.8,0.21,0.49,1.35,0.052000000000000005,6.0,48.0,0.9911,3.15,0.28,11.4
A,5.7,0.265,0.28,6.9,0.036000000000000004,46.0,150.0,0.9929899999999999,3.36,0.44,10.8
A,6.0,0.28,0.52,6.2,0.027999999999999997,37.0,104.0,0.99161,3.28,0.51,11.8
A,6.1,0.22,0.4,1.85,0.031,25.0,111.0,0.98966,3.03,0.3,11.8
A,6.2,0.23,0.36,17.2,0.039,37.0,130.0,0.99946,3.23,0.43,8.8
B,7.7,0.6,0.06,2.0,0.079,19.0,41.0,0.99697,3.39,0.62,10.1
A,7.0,0.17,0.74,12.8,0.045,24.0,126.0,0.9942,3.26,0.38,12.2
A,6.3,0.13,0.42,1.1,0.043,63.0,146.0,0.99066,3.13,0.72,11.2
A,5.7,0.22,0.22,16.65,0.044000000000000004,39.0,110.0,0.99855,3.24,0.48,9.0
B,7.0,0.4,0.32,3.6,0.061,9.0,29.0,0.99416,3.28,0.49,11.3
A,6.5,0.25,0.45,7.8,0.048,52.0,188.0,0.9957600000000001,3.2,0.53,9.1
A,7.9,0.345,0.51,15.3,0.047,54.0,171.0,0.9987,3.09,0.51,9.1
A,6.9,0.31,0.34,7.4,0.059000000000000004,36.0,174.0,0.9963,3.46,0.62,11.1
A,7.6,0.19,0.38,10.6,0.06,48.0,174.0,0.9962,3.13,0.38,10.5
A,6.8,0.28,0.34,7.5,0.035,34.0,177.0,0.99692,3.33,0.43,9.1
A,8.0,0.36,0.43,10.1,0.053,29.0,146.0,0.9982,3.4,0.46,9.5
A,6.3,0.39,0.24,6.9,0.069,9.0,117.0,0.9942,3.15,0.35,10.2
B,7.6,1.58,0.0,2.1,0.13699999999999998,5.0,9.0,0.9947600000000001,3.5,0.4,10.9
A,6.6,0.3,0.25,8.0,0.036000000000000004,21.0,124.0,0.9936200000000001,3.06,0.38,10.8
A,8.0,0.22,0.42,14.6,0.044000000000000004,45.0,163.0,1.0003,3.21,0.69,8.6
A,6.9,0.3,0.3,10.55,0.037000000000000005,4.0,28.0,0.9918399999999999,3.07,0.32,12.7
B,10.3,0.59,0.42,2.8,0.09,35.0,73.0,0.9990000000000001,3.28,0.7,9.5
A,6.5,0.23,0.25,17.3,0.046,15.0,110.0,0.99828,3.15,0.42,9.2
A,7.0,0.13,0.37,12.85,0.042,36.0,105.0,0.9958100000000001,3.05,0.55,10.7
A,7.3,0.37,0.16,14.9,0.048,59.0,240.0,0.99902,3.13,0.45,8.9
B,7.2,0.58,0.54,2.1,0.114,3.0,9.0,0.9971899999999999,3.33,0.57,10.3
B,6.8,0.64,0.0,2.7,0.12300000000000001,15.0,33.0,0.9953799999999999,3.44,0.63,11.3
A,6.6,0.19,0.25,1.2,0.052000000000000005,34.0,181.0,0.9935200000000001,3.3,0.42,9.4
A,7.8,0.39,0.26,9.9,0.059000000000000004,33.0,181.0,0.9955,3.04,0.42,10.9
A,6.6,0.285,0.49,11.4,0.035,57.0,137.0,0.9973200000000001,3.08,0.54,8.9
A,6.6,0.21,0.29,5.35,0.028999999999999998,43.0,106.0,0.9911200000000001,2.93,0.43,11.5
B,10.5,0.59,0.49,2.1,0.07,14.0,47.0,0.9991,3.3,0.56,9.6
A,6.5,0.32,0.48,8.0,0.026000000000000002,18.0,88.0,0.99144,3.22,0.79,12.7
A,6.7,0.17,0.37,2.0,0.039,34.0,125.0,0.9922,3.26,0.6,10.8
A,6.4,0.27,0.29,3.9,0.034,62.0,140.0,0.9923700000000001,3.1,0.59,11.1
B,10.5,0.42,0.66,2.95,0.11599999999999999,12.0,29.0,0.997,3.24,0.75,11.7
A,7.0,0.3,0.38,14.9,0.032,60.0,181.0,0.9983,3.18,0.61,9.3
A,6.1,0.28,0.32,2.5,0.042,23.0,218.5,0.9935,3.27,0.6,9.8
B,8.0,0.57,0.23,3.2,0.073,17.0,119.0,0.99675,3.26,0.57,9.3
A,7.0,0.2,0.34,2.1,0.049,12.0,136.0,0.9922,3.25,0.46,11.6
A,6.7,0.2,0.24,6.5,0.044000000000000004,28.0,100.0,0.9934799999999999,3.12,0.33,10.2
A,5.0,0.24,0.19,5.0,0.043,17.0,101.0,0.9943799999999999,3.67,0.57,10.0
B,7.1,0.68,0.0,2.3,0.087,17.0,26.0,0.9978299999999999,3.45,0.53,9.5
A,6.2,0.41,0.22,1.9,0.023,5.0,56.0,0.9892799999999999,3.04,0.79,13.0
A,6.0,0.21,0.3,8.7,0.036000000000000004,47.0,127.0,0.9936799999999999,3.18,0.39,10.6
B,9.9,0.32,0.56,2.0,0.073,3.0,8.0,0.99534,3.15,0.73,11.4
B,8.2,0.915,0.27,2.1,0.08800000000000001,7.0,23.0,0.9962,3.26,0.47,10.0
A,7.2,0.28,0.26,12.5,0.046,48.0,179.0,0.9975,3.1,0.52,9.0
A,6.9,0.28,0.3,1.6,0.047,46.0,132.0,0.9918,3.35,0.38,11.1
A,6.7,0.53,0.29,4.3,0.069,20.0,114.0,0.9901399999999999,3.22,0.59,13.4
A,8.1,0.24,0.38,4.3,0.044000000000000004,49.0,172.0,0.996,3.37,0.74,10.8
A,6.4,0.24,0.28,11.5,0.05,34.0,163.0,0.9969,3.31,0.45,9.5
B,8.3,0.34,0.4,2.4,0.065,24.0,48.0,0.99554,3.34,0.86,11.0
A,6.0,0.27,0.3,14.7,0.044000000000000004,15.0,144.0,0.99666,3.12,0.53,10.3
A,7.3,0.19,0.27,1.6,0.027000000000000003,35.0,136.0,0.9924799999999999,3.38,0.54,11.0
A,6.5,0.22,0.5,16.4,0.048,36.0,182.0,0.9990399999999999,3.02,0.49,8.8
A,7.8,0.19,0.32,7.4,0.015,47.0,124.0,0.9927799999999999,2.99,0.39,11.0
A,6.6,0.24,0.38,8.0,0.042,56.0,187.0,0.99577,3.21,0.46,9.2
A,7.3,0.3,0.33,2.3,0.043,28.0,125.0,0.9908399999999999,3.34,0.44,12.6
B,10.4,0.64,0.24,2.8,0.105,29.0,53.0,0.9998,3.24,0.67,9.9
B,6.9,0.4,0.14,2.4,0.085,21.0,40.0,0.9968,3.43,0.63,9.7
A,5.0,0.55,0.14,8.3,0.032,35.0,164.0,0.9918,3.53,0.51,12.5
A,7.6,0.39,0.32,3.6,0.035,22.0,93.0,0.99144,3.08,0.6,12.5
A,7.2,0.24,0.29,2.2,0.037000000000000005,37.0,102.0,0.992,3.27,0.64,11.0
B,9.1,0.36,0.39,1.8,0.06,21.0,55.0,0.99495,3.18,0.82,11.0
A,6.2,0.34,0.3,11.1,0.047,28.0,237.0,0.9981,3.18,0.49,8.7
A,6.4,0.26,0.26,1.1,0.052000000000000005,22.0,176.0,0.9930399999999999,3.09,0.54,9.3
A,7.7,0.16,0.36,5.9,0.054000000000000006,25.0,148.0,0.9957799999999999,3.25,0.54,10.2
A,7.4,0.32,0.55,16.6,0.055999999999999994,53.0,238.0,1.0017,2.96,0.58,8.7
A,6.7,0.28,0.34,8.9,0.048,32.0,111.0,0.99455,3.25,0.54,11.0
A,7.0,0.12,0.19,4.9,0.055,27.0,127.0,0.9953,3.29,0.41,9.4
B,6.6,0.855,0.02,2.4,0.062,15.0,23.0,0.9962700000000001,3.54,0.6,11.0
B,9.3,0.715,0.24,2.1,0.07,5.0,20.0,0.9966,3.12,0.59,9.9
A,7.3,0.4,0.26,5.45,0.016,26.0,90.0,0.98951,2.84,0.54,13.2
A,6.4,0.37,0.2,5.6,0.11699999999999999,61.0,183.0,0.99459,3.24,0.43,9.5
A,6.4,0.14,0.31,1.2,0.034,53.0,138.0,0.9908399999999999,3.38,0.35,11.5
A,6.9,0.23,0.24,14.2,0.053,19.0,94.0,0.9982,3.17,0.5,9.6
A,7.2,0.25,0.32,1.5,0.047,27.0,132.0,0.9933,3.26,0.44,10.5
A,7.2,0.23,0.38,14.3,0.057999999999999996,55.0,194.0,0.9979,3.09,0.44,9.0
A,5.6,0.41,0.22,7.1,0.05,44.0,154.0,0.9931,3.3,0.4,10.5
A,6.8,0.34,0.27,5.2,0.06,14.0,169.0,0.9925200000000001,3.27,0.57,11.6
A,7.4,0.19,0.3,12.8,0.053,48.5,212.0,0.9986,3.14,0.49,9.1
A,7.4,0.18,0.42,2.1,0.036000000000000004,33.0,187.0,0.9938,3.4,0.41,10.6
A,6.5,0.28,0.27,5.2,0.04,44.0,179.0,0.9948,3.19,0.69,9.4
A,7.0,0.24,0.51,11.0,0.028999999999999998,55.0,227.0,0.9965,3.03,0.61,9.5
A,6.4,0.15,0.44,1.2,0.043,67.0,150.0,0.9907,3.14,0.73,11.2
A,8.0,0.13,0.25,1.1,0.033,15.0,86.0,0.99044,2.98,0.39,11.2
A,6.3,0.23,0.3,1.8,0.033,16.0,91.0,0.9906,3.28,0.4,11.8
B,11.9,0.39,0.69,2.8,0.095,17.0,35.0,0.9994,3.1,0.61,10.8
A,6.8,0.39,0.34,7.4,0.02,38.0,133.0,0.9921200000000001,3.18,0.44,12.0
A,8.0,0.66,0.72,17.55,0.042,62.0,233.0,0.9999,2.92,0.68,9.4
A,6.8,0.37,0.51,11.8,0.044000000000000004,62.0,163.0,0.9976,3.19,0.44,8.8
A,6.6,0.23,0.3,4.6,0.06,29.0,154.0,0.9914200000000001,3.23,0.49,12.2
A,7.3,0.18,0.65,1.4,0.046,28.0,157.0,0.9946,3.33,0.62,9.4
A,5.7,0.25,0.26,12.5,0.049,52.5,106.0,0.9969100000000001,3.08,0.45,9.4
A,7.0,0.29,0.37,4.9,0.034,26.0,127.0,0.9928,3.17,0.44,10.8
B,7.6,0.42,0.08,2.7,0.084,15.0,48.0,0.9968,3.21,0.59,10.0
A,7.8,0.21,0.34,11.9,0.039,55.0,140.0,0.9959,3.02,0.31,10.3
A,7.3,0.13,0.27,4.6,0.08,34.0,172.0,0.9938,3.23,0.39,11.1
A,9.0,0.29,0.34,12.1,0.03,34.0,177.0,0.9970600000000001,3.13,0.47,10.6
A,8.5,0.16,0.33,1.0,0.076,17.0,57.0,0.9921,3.14,0.46,10.6
A,6.6,0.12,0.25,1.4,0.039,21.0,131.0,0.9911399999999999,3.2,0.45,11.2
A,6.8,0.26,0.34,15.1,0.06,42.0,162.0,0.99705,3.24,0.52,10.5
A,7.8,0.17,0.23,1.7,0.028999999999999998,39.0,128.0,0.99272,3.37,0.41,10.7
B,8.1,0.82,0.0,4.1,0.095,5.0,14.0,0.99854,3.36,0.53,9.6
A,6.3,0.23,0.3,1.8,0.033,16.0,91.0,0.9906,3.28,0.4,11.8
A,6.9,0.25,0.26,5.2,0.024,36.0,135.0,0.9948,3.16,0.72,10.7
A,6.4,0.105,0.29,1.1,0.035,44.0,140.0,0.9914200000000001,3.17,0.55,10.7
A,7.4,0.26,0.31,2.4,0.043,58.0,178.0,0.9941,3.42,0.68,10.6
A,5.5,0.24,0.32,8.7,0.06,19.0,102.0,0.9940000000000001,3.27,0.31,10.4
A,7.1,0.47,0.29,14.8,0.024,22.0,142.0,0.99518,3.12,0.48,12.0
A,7.3,0.2,0.29,19.5,0.039,69.0,237.0,1.00037,3.1,0.48,9.2
B,9.0,0.58,0.25,2.0,0.10400000000000001,8.0,21.0,0.99769,3.27,0.72,9.6
B,8.3,0.56,0.22,2.4,0.08199999999999999,10.0,86.0,0.9983,3.37,0.62,9.5
B,9.2,0.92,0.24,2.6,0.087,12.0,93.0,0.9998,3.48,0.54,9.8
A,6.7,0.3,0.29,2.8,0.025,37.0,107.0,0.99159,3.31,0.63,11.3
B,8.3,0.54,0.24,3.4,0.076,16.0,112.0,0.9976,3.27,0.61,9.4
A,7.1,0.32,0.4,1.5,0.034,13.0,84.0,0.9944,3.42,0.6,10.4
A,6.4,0.34,0.2,14.9,0.06,37.0,162.0,0.9983,3.13,0.45,9.0
B,10.5,0.28,0.51,1.7,0.08,10.0,24.0,0.9982,3.2,0.89,9.4
A,8.3,0.22,0.38,14.8,0.054000000000000006,32.0,126.0,1.0002,3.22,0.5,9.7
A,6.5,0.28,0.38,7.8,0.031,54.0,216.0,0.99154,3.03,0.42,13.1
B,7.5,0.725,0.04,1.5,0.076,8.0,15.0,0.99508,3.26,0.53,9.6
A,7.1,0.37,0.32,1.4,0.037000000000000005,27.0,126.0,0.9918,3.19,0.62,12.0
A,7.6,0.48,0.37,0.8,0.037000000000000005,4.0,100.0,0.9902,3.03,0.39,11.4
A,7.1,0.26,0.32,14.45,0.07400000000000001,29.0,107.0,0.998,2.96,0.42,9.2
B,9.9,0.35,0.38,1.5,0.057999999999999996,31.0,47.0,0.9967600000000001,3.26,0.82,10.6
A,7.2,0.34,0.3,8.4,0.051,40.0,167.0,0.99756,3.48,0.62,9.7
A,5.9,0.29,0.16,7.9,0.044000000000000004,48.0,197.0,0.9951200000000001,3.21,0.36,9.4
A,6.8,0.16,0.36,1.3,0.034,32.0,98.0,0.9905799999999999,3.02,0.58,11.3
A,6.9,0.28,0.31,7.2,0.04,47.0,168.0,0.9946,3.29,0.57,10.6
A,8.2,0.18,0.49,1.1,0.033,28.0,81.0,0.9923,3.0,0.68,10.4
A,6.6,0.28,0.42,8.2,0.044000000000000004,60.0,196.0,0.9956200000000001,3.14,0.48,9.4
A,8.2,0.15,0.48,2.7,0.052000000000000005,24.0,190.0,0.995,3.5,0.45,10.9
A,7.3,0.29,0.37,8.3,0.044000000000000004,45.0,227.0,0.9966,3.12,0.47,9.0
A,7.4,0.19,0.49,9.3,0.03,26.0,132.0,0.9940000000000001,2.99,0.32,11.0
A,4.9,0.335,0.14,1.3,0.036000000000000004,69.0,168.0,0.9921200000000001,3.47,0.46,10.4666666666667
A,7.4,0.16,0.49,1.2,0.055,18.0,150.0,0.9917,3.23,0.47,11.2
A,6.3,0.29,0.3,8.1,0.212,60.0,150.0,0.9958,3.1,0.4,9.3
A,6.5,0.23,0.36,16.3,0.038,43.0,133.0,0.99924,3.26,0.41,8.8
A,8.0,0.25,0.13,17.2,0.036000000000000004,49.0,219.0,0.9996,2.96,0.46,9.7
B,6.7,1.04,0.08,2.3,0.067,19.0,32.0,0.9964799999999999,3.52,0.57,11.0
A,6.9,0.52,0.54,7.9,0.036000000000000004,23.0,169.0,0.99267,3.26,0.47,12.2
A,7.3,0.2,0.37,1.2,0.037000000000000005,48.0,119.0,0.992,3.32,0.49,10.9
B,8.7,0.52,0.09,2.5,0.091,20.0,49.0,0.9976,3.34,0.86,10.6
A,7.7,0.38,0.23,10.8,0.03,28.0,95.0,0.99164,2.93,0.41,13.6
A,5.9,0.24,0.34,2.0,0.037000000000000005,40.0,108.0,0.9894799999999999,3.19,0.5,12.3
B,8.2,0.78,0.0,2.2,0.08900000000000001,13.0,26.0,0.9978,3.37,0.46,9.6
A,7.0,0.22,0.26,9.2,0.027000000000000003,37.0,122.0,0.9922799999999999,3.06,0.34,12.5
B,7.4,0.635,0.1,2.4,0.08,16.0,33.0,0.99736,3.58,0.69,10.8
A,6.6,0.26,0.22,18.15,0.05,23.0,139.0,0.9990399999999999,3.06,0.5,9.2
A,5.7,0.22,0.25,1.1,0.05,97.0,175.0,0.9909899999999999,3.44,0.62,11.1
A,6.5,0.33,0.72,1.1,0.061,7.0,151.0,0.993,3.09,0.57,9.5
A,6.5,0.22,0.25,17.1,0.05,44.0,138.0,1.0001,3.3,0.37,8.8
A,6.2,0.21,0.26,13.1,0.05,59.0,150.0,0.99772,3.31,0.46,9.0
A,6.4,0.32,0.31,1.9,0.037000000000000005,34.0,126.0,0.99,3.06,0.45,11.8
A,6.0,0.45,0.42,1.1,0.051,61.0,197.0,0.9932,3.02,0.4,9.0
A,6.1,0.3,0.32,2.2,0.042,41.0,142.0,0.9895200000000001,3.31,0.44,12.7
B,7.5,0.61,0.2,1.7,0.076,36.0,60.0,0.9949399999999999,3.1,0.4,9.3
A,6.8,0.705,0.25,3.2,0.048,10.0,57.0,0.996,3.36,0.52,9.5
A,7.9,0.35,0.28,12.9,0.032,13.0,63.0,0.9932,2.99,0.43,13.0
B,12.0,0.28,0.49,1.9,0.07400000000000001,10.0,21.0,0.9976,2.98,0.66,9.9
A,6.9,0.56,0.26,10.9,0.06,55.0,193.0,0.9969,3.21,0.44,9.4
A,6.5,0.29,0.25,2.5,0.142,8.0,111.0,0.9927,3.0,0.44,9.9
B,8.8,0.31,0.4,2.8,0.109,7.0,16.0,0.9961399999999999,3.31,0.79,11.8
A,7.7,0.39,0.28,4.9,0.035,36.0,109.0,0.9918,3.19,0.58,12.2
A,7.0,0.23,0.35,1.4,0.036000000000000004,31.0,113.0,0.9912,3.16,0.48,10.8
A,7.2,0.33,0.34,2.0,0.044000000000000004,61.0,171.0,0.9894700000000001,3.25,0.53,13.3
A,6.9,0.3,0.36,4.5,0.054000000000000006,31.0,203.0,0.99513,3.4,0.57,10.4
B,12.0,0.39,0.66,3.0,0.09300000000000001,12.0,30.0,0.9996,3.18,0.63,10.8
A,5.2,0.155,0.33,1.6,0.027999999999999997,13.0,59.0,0.98975,3.3,0.84,11.9
A,6.1,0.28,0.25,17.75,0.044000000000000004,48.0,161.0,0.9993,3.34,0.48,9.5
A,6.1,0.25,0.28,10.0,0.055,56.0,131.0,0.9940000000000001,3.22,0.35,10.9
A,7.6,0.23,0.4,5.2,0.066,14.0,91.0,0.9948799999999999,3.17,0.8,9.7
A,7.7,0.28,0.39,8.9,0.036000000000000004,8.0,117.0,0.9935,3.06,0.38,12.0
A,6.6,0.62,0.2,8.7,0.046,81.0,224.0,0.99605,3.17,0.44,9.3
A,8.2,0.68,0.3,2.1,0.047,17.0,138.0,0.995,3.22,0.71,10.8
A,7.6,0.27,0.42,2.6,0.044000000000000004,29.0,110.0,0.9912,3.31,0.51,12.7
A,7.7,0.25,0.3,7.8,0.038,67.0,196.0,0.99555,3.1,0.5,10.1
A,6.7,0.28,0.42,3.5,0.035,43.0,105.0,0.99021,3.18,0.38,12.2
A,6.2,0.66,0.48,1.2,0.028999999999999998,29.0,75.0,0.9892,3.33,0.39,12.8
A,6.7,0.265,0.22,8.6,0.048,54.0,198.0,0.9955,3.25,0.41,10.2
A,6.7,0.18,0.31,10.6,0.035,42.0,143.0,0.99572,3.08,0.49,9.8
A,6.2,0.25,0.39,1.3,0.051,42.0,135.0,0.9906,3.23,0.4,11.1
A,5.8,0.18,0.37,1.2,0.036000000000000004,19.0,74.0,0.9885299999999999,3.09,0.49,12.7
A,9.2,0.28,0.49,11.8,0.042,29.0,137.0,0.998,3.1,0.34,10.1
A,9.0,0.2,0.33,3.5,0.049,10.0,40.0,0.9944,3.14,0.36,9.8
A,5.8,0.26,0.18,1.2,0.031,40.0,114.0,0.9908,3.42,0.4,11.0
B,5.1,0.47,0.02,1.3,0.034,18.0,44.0,0.9921,3.9,0.62,12.8
A,7.1,0.23,0.28,1.9,0.046,33.0,103.0,0.9899700000000001,3.12,0.31,12.0
A,7.0,0.17,0.36,6.4,0.055,42.0,123.0,0.99318,3.11,0.5,11.0
A,7.4,0.155,0.34,2.3,0.045,73.5,214.0,0.9934,3.18,0.61,9.9
A,5.0,0.27,0.32,4.5,0.032,58.0,178.0,0.98956,3.45,0.31,12.6
A,7.5,0.24,0.62,10.6,0.045,51.0,153.0,0.99779,3.16,0.44,8.8
A,7.0,0.15,0.28,14.7,0.051,29.0,149.0,0.99792,2.96,0.39,9.0
A,7.2,0.25,0.28,14.4,0.055,55.0,205.0,0.9986,3.12,0.38,9.0
B,12.5,0.28,0.54,2.3,0.08199999999999999,12.0,29.0,0.9997,3.11,1.36,9.8
A,7.1,0.35,0.24,15.4,0.055,46.0,198.0,0.9988,3.12,0.49,8.8
A,7.2,0.19,0.46,3.8,0.040999999999999995,82.0,187.0,0.9932,3.19,0.6,11.2
A,7.4,0.31,0.26,8.6,0.048,47.0,206.0,0.9964,3.26,0.36,9.1
A,6.8,0.32,0.21,2.2,0.044000000000000004,15.0,68.0,0.9932,3.17,0.39,9.4
A,5.8,0.29,0.05,0.8,0.038,11.0,30.0,0.9924,3.36,0.35,9.2
A,7.6,0.345,0.26,1.9,0.043,15.0,134.0,0.9936,3.08,0.38,9.5
A,6.3,0.41,0.33,4.7,0.023,28.0,110.0,0.991,3.3,0.38,12.5
A,7.6,0.21,0.35,1.2,0.040999999999999995,7.0,106.0,0.9914,3.06,0.45,11.3
B,8.4,0.37,0.43,2.3,0.063,12.0,19.0,0.9955,3.17,0.81,11.2
B,11.1,0.42,0.47,2.65,0.085,9.0,34.0,0.99736,3.24,0.77,12.1
A,6.9,0.22,0.49,7.0,0.063,50.0,168.0,0.9957,3.54,0.5,10.3
A,6.3,0.24,0.55,8.1,0.04,67.0,216.0,0.9959600000000001,3.24,0.5,9.2
A,7.1,0.44,0.27,8.4,0.057,60.0,160.0,0.9925700000000001,3.16,0.36,11.8
A,7.0,0.48,0.12,4.5,0.05,23.0,86.0,0.99398,2.86,0.35,9.0
A,8.1,0.2,0.3,1.3,0.036000000000000004,7.0,49.0,0.9924200000000001,2.99,0.73,10.3
A,7.4,0.41,0.34,4.7,0.042,19.0,127.0,0.9953,3.25,0.42,10.4
B,6.4,0.885,0.0,2.3,0.166,6.0,12.0,0.99551,3.56,0.51,10.8
B,7.8,0.52,0.25,1.9,0.081,14.0,38.0,0.9984,3.43,0.65,9.0
A,6.4,0.24,0.23,2.0,0.046,30.0,133.0,0.9908,3.12,0.54,11.4
A,5.6,0.12,0.33,2.9,0.044000000000000004,21.0,73.0,0.9889600000000001,3.17,0.32,12.9
A,7.3,0.34,0.3,1.3,0.057,25.0,173.0,0.9948,3.26,0.51,9.1
A,6.4,0.17,0.34,1.5,0.091,42.0,135.0,0.9938,3.25,0.49,9.6
A,7.7,0.3,0.42,14.3,0.045,45.0,213.0,0.9991,3.18,0.63,9.2
A,7.8,0.26,0.31,3.6,0.025,22.0,100.0,0.99066,2.99,0.47,12.1
A,6.9,0.17,0.25,1.6,0.047,34.0,132.0,0.9914,3.16,0.48,11.4
A,6.0,0.28,0.27,15.5,0.036000000000000004,31.0,134.0,0.99408,3.19,0.44,13.0
B,15.6,0.685,0.76,3.7,0.1,6.0,43.0,1.0032,2.95,0.68,11.2
A,5.7,0.22,0.33,1.9,0.036000000000000004,37.0,110.0,0.98945,3.26,0.58,12.4
A,6.4,0.31,0.27,7.4,0.049,48.0,169.0,0.99323,3.27,0.45,11.1
A,6.0,0.33,0.2,1.8,0.031,49.0,159.0,0.9919,3.41,0.53,11.0
B,5.8,0.61,0.11,1.8,0.066,18.0,28.0,0.9948299999999999,3.55,0.66,10.9
A,5.1,0.165,0.22,5.7,0.047,42.0,146.0,0.9934,3.18,0.55,9.9
A,7.5,0.41,0.23,14.8,0.054000000000000006,28.0,174.0,0.99898,3.18,0.49,9.7
A,6.0,0.35,0.46,0.9,0.033,9.0,65.0,0.98934,3.24,0.35,12.1
A,9.0,0.31,0.48,6.6,0.043,11.0,73.0,0.9938,2.9,0.38,11.6
A,6.9,0.29,0.4,19.45,0.043,36.0,156.0,0.9996,2.93,0.47,8.9
A,6.5,0.3,0.28,11.45,0.040999999999999995,29.0,109.0,0.99418,2.98,0.3,10.9
A,7.5,0.22,0.29,4.8,0.05,33.0,87.0,0.9940000000000001,3.14,0.42,9.9
A,5.8,0.36,0.5,1.0,0.127,63.0,178.0,0.9921200000000001,3.1,0.45,9.7
A,7.0,0.35,0.3,6.5,0.027999999999999997,27.0,87.0,0.9936,3.4,0.42,11.4
A,8.0,0.22,0.32,10.4,0.043,63.0,201.0,0.997,3.11,0.53,9.5
A,5.4,0.22,0.29,1.2,0.045,69.0,152.0,0.9917799999999999,3.76,0.63,11.0
A,6.4,0.35,0.28,1.6,0.037000000000000005,31.0,113.0,0.98779,3.12,0.4,14.2
B,15.5,0.645,0.49,4.2,0.095,10.0,23.0,1.00315,2.92,0.74,11.1
B,8.4,0.62,0.09,2.2,0.084,11.0,108.0,0.9964,3.15,0.66,9.8
A,7.1,0.38,0.42,11.8,0.040999999999999995,32.0,193.0,0.99624,3.04,0.49,10.0
B,10.4,0.24,0.49,1.8,0.075,6.0,20.0,0.9977,3.18,1.06,11.0
A,7.4,0.25,0.37,6.9,0.02,14.0,93.0,0.9939,3.0,0.48,10.7
A,5.6,0.2,0.66,10.2,0.043,78.0,175.0,0.9945,2.98,0.43,10.4
A,8.2,0.61,0.45,5.4,0.03,15.0,118.0,0.9954,3.14,0.34,9.6
A,5.9,0.22,0.3,1.3,0.052000000000000005,42.0,86.0,0.99069,3.31,0.47,11.55
B,7.7,0.23,0.37,1.8,0.046,23.0,60.0,0.9971,3.41,0.71,12.1
B,6.4,0.42,0.09,2.3,0.054000000000000006,34.0,64.0,0.99724,3.41,0.68,10.4
A,7.8,0.27,0.28,1.8,0.05,21.0,127.0,0.9934,3.15,0.44,9.9
A,7.0,0.35,0.31,1.8,0.069,15.0,162.0,0.9944,3.18,0.47,9.4
B,9.2,0.58,0.2,3.0,0.081,15.0,115.0,0.998,3.23,0.59,9.5
B,8.3,0.26,0.37,1.4,0.076,8.0,23.0,0.9974,3.26,0.7,9.6
B,5.9,0.61,0.08,2.1,0.071,16.0,24.0,0.9937600000000001,3.56,0.77,11.1
A,7.2,0.25,0.28,14.4,0.055,55.0,205.0,0.9986,3.12,0.38,9.0
A,6.3,0.41,0.22,7.3,0.035,23.0,117.0,0.99172,3.2,0.39,11.94
B,9.6,0.6,0.5,2.3,0.079,28.0,71.0,0.9997,3.5,0.57,9.7
A,6.4,0.28,0.19,5.4,0.042,67.0,181.0,0.99435,3.31,0.35,10.2
B,7.8,0.55,0.35,2.2,0.07400000000000001,21.0,66.0,0.9974,3.25,0.56,9.2
A,6.4,0.14,0.31,1.2,0.034,53.0,138.0,0.9908399999999999,3.38,0.35,11.5
A,6.8,0.3,0.27,11.6,0.027999999999999997,22.0,97.0,0.9931399999999999,2.96,0.38,11.7
B,7.8,0.46,0.26,1.9,0.08800000000000001,23.0,53.0,0.9981,3.43,0.74,9.2
A,8.0,0.22,0.28,14.0,0.053,83.0,197.0,0.9981,3.14,0.45,9.8
A,6.2,0.16,0.47,1.4,0.028999999999999998,23.0,81.0,0.99,3.26,0.42,12.2
A,6.2,0.32,0.5,6.5,0.048,61.0,186.0,0.9948,3.19,0.45,9.6
A,6.5,0.19,0.32,1.4,0.04,31.0,132.0,0.9922,3.36,0.54,10.8
A,5.6,0.41,0.24,1.9,0.034,10.0,53.0,0.98815,3.32,0.5,13.5
A,7.4,0.2,0.37,16.95,0.048,43.0,190.0,0.9995,3.03,0.42,9.2
A,6.2,0.3,0.49,11.2,0.057999999999999996,68.0,215.0,0.99656,3.19,0.6,9.4
A,7.8,0.28,0.32,9.0,0.036000000000000004,34.0,115.0,0.9952,3.17,0.39,10.3
A,5.8,0.32,0.38,4.75,0.033,23.0,94.0,0.991,3.42,0.42,11.8
A,6.7,0.35,0.32,9.0,0.032,29.0,113.0,0.9918799999999999,3.13,0.65,12.9
A,6.0,0.34,0.29,6.1,0.046,29.0,134.0,0.9946200000000001,3.48,0.57,10.7
A,6.7,0.25,0.33,2.9,0.057,52.0,173.0,0.9934,3.02,0.48,9.5
A,6.2,0.3,0.31,1.6,0.035,40.0,106.0,0.9891399999999999,3.26,0.39,12.9
A,6.8,0.39,0.31,14.35,0.043,28.0,162.0,0.9988,3.17,0.54,9.1
B,8.1,0.575,0.22,2.1,0.077,12.0,65.0,0.9967,3.29,0.51,9.2
A,8.3,0.33,0.42,1.15,0.033,18.0,96.0,0.9911,3.2,0.32,12.4
A,7.2,0.32,0.24,5.6,0.033,23.0,120.0,0.99334,2.92,0.66,10.3
A,6.0,0.44,0.26,3.1,0.053,57.0,128.0,0.98982,3.22,0.39,12.7
B,6.8,0.48,0.25,2.0,0.076,29.0,61.0,0.9953,3.34,0.6,10.4
B,7.4,0.68,0.16,1.8,0.078,12.0,39.0,0.9977,3.5,0.7,9.9
A,6.7,0.26,0.26,4.0,0.079,35.5,216.0,0.9956,3.31,0.68,9.5
A,7.8,0.27,0.58,11.2,0.036000000000000004,44.0,161.0,0.9977,3.06,0.41,8.9
A,7.1,0.25,0.28,1.6,0.052000000000000005,46.0,169.0,0.9926,3.05,0.41,10.5
A,6.8,0.21,0.36,18.1,0.046,32.0,133.0,1.0,3.27,0.48,8.8
A,6.8,0.22,0.31,6.9,0.037000000000000005,33.0,121.0,0.9917600000000001,3.02,0.39,11.9
B,7.7,0.96,0.2,2.0,0.047,15.0,60.0,0.9955,3.36,0.44,10.9
A,6.8,0.35,0.53,10.1,0.053,37.0,151.0,0.9963,3.07,0.4,9.4
A,6.0,0.26,0.42,5.2,0.027000000000000003,70.0,178.0,0.9914,3.4,0.4,12.3
A,7.0,0.11,0.32,4.6,0.057,59.0,144.0,0.9956,3.55,0.44,9.4
B,7.7,0.69,0.22,1.9,0.084,18.0,94.0,0.9961,3.31,0.48,9.5
B,11.6,0.475,0.4,1.4,0.091,6.0,28.0,0.9970399999999999,3.07,0.65,10.0333333333333
A,5.9,0.62,0.28,3.5,0.039,55.0,152.0,0.9907,3.44,0.44,12.0
A,7.7,0.24,0.29,15.3,0.044000000000000004,39.0,194.0,0.9982,3.06,0.47,9.6
A,7.0,0.24,0.36,2.8,0.034,22.0,112.0,0.99,3.19,0.38,12.6
A,6.2,0.25,0.25,1.4,0.03,35.0,105.0,0.9912,3.3,0.44,11.1
A,7.3,0.25,0.36,13.1,0.05,35.0,200.0,0.9986,3.04,0.46,8.9
A,7.1,0.36,0.56,1.3,0.046,25.0,102.0,0.9923,3.24,0.33,10.5
A,7.1,0.32,0.32,11.0,0.038,16.0,66.0,0.9937,3.24,0.4,11.5
A,6.5,0.28,0.34,3.6,0.04,29.0,121.0,0.99111,3.28,0.48,12.1
A,4.9,0.235,0.27,11.75,0.03,34.0,118.0,0.9954,3.07,0.5,9.4
A,6.8,0.25,0.31,13.3,0.05,69.0,202.0,0.9972,3.22,0.48,9.7
B,7.2,0.38,0.31,2.0,0.055999999999999994,15.0,29.0,0.99472,3.23,0.76,11.3
B,7.2,0.39,0.32,1.8,0.065,34.0,60.0,0.9971399999999999,3.46,0.78,9.9
A,6.4,0.27,0.19,2.0,0.084,21.0,191.0,0.99516,3.49,0.63,9.6
B,6.1,0.4,0.16,1.8,0.069,11.0,25.0,0.9955,3.42,0.74,10.1
A,7.4,0.16,0.33,1.2,0.042,47.0,121.0,0.99198,3.04,0.68,10.5
A,5.6,0.695,0.06,6.8,0.042,9.0,84.0,0.9943200000000001,3.44,0.44,10.2
A,6.6,0.25,0.3,14.4,0.052000000000000005,40.0,183.0,0.998,3.02,0.5,9.1
A,6.5,0.26,0.24,10.8,0.042,47.0,130.0,0.996,3.08,0.4,10.1
A,6.8,0.25,0.34,14.0,0.032,47.0,133.0,0.9952,3.37,0.5,12.2
A,7.4,0.3,0.22,5.25,0.053,33.0,180.0,0.9926,3.13,0.45,11.6
A,8.5,0.56,0.74,17.85,0.051,51.0,243.0,1.0005,2.99,0.7,9.2
A,5.9,0.42,0.36,2.4,0.034,19.0,77.0,0.9918399999999999,3.25,0.48,10.9
A,6.6,0.32,0.27,10.9,0.040999999999999995,37.0,146.0,0.9963,3.24,0.47,10.0
A,6.9,0.43,0.28,9.4,0.055999999999999994,29.0,183.0,0.9959399999999999,3.17,0.43,9.4
B,6.0,0.33,0.32,12.9,0.054000000000000006,6.0,113.0,0.99572,3.3,0.56,11.5
A,6.7,0.5,0.38,7.5,0.046,26.0,175.0,0.9966200000000001,3.32,0.54,9.6
A,7.6,0.31,0.49,3.95,0.044000000000000004,27.0,131.0,0.9912,3.08,0.67,12.8
B,7.1,0.66,0.0,3.9,0.086,17.0,45.0,0.9976,3.46,0.54,9.5
A,5.1,0.29,0.28,8.3,0.026000000000000002,27.0,107.0,0.99308,3.36,0.37,11.0
B,8.2,0.56,0.23,3.4,0.078,14.0,104.0,0.9976,3.28,0.62,9.4
A,5.8,0.18,0.28,1.3,0.034,9.0,94.0,0.99092,3.21,0.52,11.2
A,6.8,0.26,0.29,16.95,0.055999999999999994,48.0,179.0,0.9998,3.45,0.4,9.6
A,7.1,0.16,0.25,1.3,0.034,28.0,123.0,0.9915,3.27,0.55,11.4
B,7.1,0.43,0.42,5.5,0.07,29.0,129.0,0.9973,3.42,0.72,10.5
A,7.0,0.3,0.28,2.2,0.042,21.0,177.0,0.99166,3.2,0.57,11.4
B,9.7,0.31,0.47,1.6,0.062,13.0,33.0,0.9983,3.27,0.66,10.0
A,7.1,0.18,0.26,1.3,0.040999999999999995,20.0,71.0,0.9926,3.04,0.74,9.9
A,6.7,0.33,0.49,1.6,0.16699999999999998,20.0,94.0,0.9914,3.11,0.5,11.4
A,6.4,0.28,0.29,1.6,0.052000000000000005,34.0,127.0,0.9929,3.48,0.56,10.5
A,7.9,0.11,0.49,4.5,0.048,27.0,133.0,0.9946,3.24,0.42,10.6
A,6.3,0.29,0.29,3.3,0.037000000000000005,32.0,140.0,0.9895,3.17,0.36,12.8
B,7.3,0.48,0.32,2.1,0.062,31.0,54.0,0.9972799999999999,3.3,0.65,10.0
A,5.7,0.16,0.32,1.2,0.036000000000000004,7.0,89.0,0.99111,3.26,0.48,11.0
A,7.0,0.22,0.26,9.2,0.027000000000000003,37.0,122.0,0.9922799999999999,3.06,0.34,12.5
A,6.8,0.18,0.35,5.4,0.054000000000000006,53.0,143.0,0.99287,3.1,0.54,11.0
A,5.7,0.37,0.3,1.1,0.028999999999999998,24.0,88.0,0.9888299999999999,3.18,0.39,11.7
A,6.8,0.18,0.3,12.8,0.062,19.0,171.0,0.99808,3.0,0.52,9.0
B,8.4,0.745,0.11,1.9,0.09,16.0,63.0,0.9965,3.19,0.82,9.6
A,7.7,0.31,0.36,4.3,0.026000000000000002,15.0,87.0,0.9915200000000001,3.11,0.48,12.0
A,7.0,0.53,0.02,1.0,0.036000000000000004,39.0,107.0,0.993,3.2,0.32,9.0
A,7.5,0.28,0.34,4.2,0.027999999999999997,36.0,116.0,0.991,2.99,0.41,12.3
A,8.0,0.19,0.36,1.8,0.05,16.0,84.0,0.9936,3.15,0.45,9.8
A,8.4,0.18,0.42,5.1,0.036000000000000004,7.0,77.0,0.9939,3.16,0.52,11.7
A,7.15,0.17,0.24,9.6,0.11900000000000001,56.0,178.0,0.9957799999999999,3.15,0.44,10.2
A,6.6,0.39,0.28,9.2,0.036000000000000004,10.0,92.0,0.99206,3.07,0.35,12.1
A,6.3,0.23,0.21,5.1,0.035,29.0,142.0,0.9942,3.36,0.33,10.1
A,3.9,0.225,0.4,4.2,0.03,29.0,118.0,0.9890000000000001,3.57,0.36,12.8
A,4.8,0.34,0.0,6.5,0.027999999999999997,33.0,163.0,0.9939,3.36,0.61,9.9
A,6.4,0.24,0.5,11.6,0.047,60.0,211.0,0.9966,3.18,0.57,9.3
B,12.8,0.615,0.66,5.8,0.083,7.0,42.0,1.0022,3.07,0.73,10.0
A,7.4,0.19,0.3,12.8,0.053,48.5,229.0,0.9986,3.14,0.49,9.1
A,8.0,0.34,0.25,6.4,0.035,38.0,103.0,0.9914799999999999,2.91,0.23,12.2
A,6.5,0.43,0.28,11.25,0.032,31.0,87.0,0.9922,3.02,0.38,12.4
A,7.5,0.25,0.32,8.2,0.024,53.0,209.0,0.9956299999999999,3.12,0.46,10.8
B,9.1,0.25,0.34,2.0,0.071,45.0,67.0,0.99769,3.44,0.86,10.2
B,7.8,0.44,0.28,2.7,0.1,18.0,95.0,0.9966,3.22,0.67,9.4
A,6.4,0.29,0.18,15.0,0.04,21.0,116.0,0.99736,3.14,0.5,9.2
A,8.3,0.2,0.74,4.45,0.044000000000000004,33.0,130.0,0.9924,3.25,0.42,12.2
A,7.1,0.27,0.28,1.25,0.023,3.0,89.0,0.98993,2.95,0.3,11.4
B,10.5,0.24,0.47,2.1,0.066,6.0,24.0,0.9978,3.15,0.9,11.0
A,7.1,0.3,0.36,6.8,0.055,44.5,234.0,0.9972,3.49,0.64,10.2
B,8.1,0.575,0.22,2.1,0.077,12.0,65.0,0.9967,3.29,0.51,9.2
A,7.1,0.24,0.34,1.2,0.045,6.0,132.0,0.9913200000000001,3.16,0.46,11.2
A,7.0,0.34,0.1,3.5,0.044000000000000004,17.0,63.0,0.9937,3.01,0.39,9.2
A,7.4,0.28,0.25,11.9,0.053,25.0,148.0,0.9976,3.1,0.62,9.2
A,6.7,0.31,0.32,14.5,0.038,6.0,79.0,0.9941200000000001,3.14,0.34,12.5
A,7.0,0.31,0.52,1.7,0.028999999999999998,5.0,61.0,0.9918,3.07,0.43,10.4
A,7.3,0.24,0.29,1.2,0.037000000000000005,37.0,97.0,0.9926,3.19,0.7,10.1
A,7.4,0.45,0.32,7.1,0.044000000000000004,17.0,117.0,0.9962,3.32,0.41,10.4
A,7.6,0.345,0.26,1.9,0.043,15.0,134.0,0.9936,3.08,0.38,9.5
A,7.0,0.15,0.28,14.7,0.051,29.0,149.0,0.99792,2.96,0.39,9.0
A,7.2,0.37,0.15,2.0,0.028999999999999998,27.0,87.0,0.9903,3.3,0.59,12.6
A,9.1,0.59,0.38,1.6,0.066,34.0,182.0,0.9968,3.23,0.38,8.5
A,7.6,0.27,0.25,13.9,0.05,45.0,199.0,0.9984,3.34,0.5,9.8
B,11.6,0.58,0.66,2.2,0.07400000000000001,10.0,47.0,1.0008,3.25,0.57,9.0
A,9.7,0.24,0.49,4.9,0.032,3.0,18.0,0.9936799999999999,2.85,0.54,10.0
B,9.2,0.41,0.5,2.5,0.055,12.0,25.0,0.9952,3.34,0.79,13.3
A,7.8,0.21,0.49,1.2,0.036000000000000004,20.0,99.0,0.99,3.05,0.28,12.1
A,7.0,0.17,0.42,1.0,0.075,19.0,71.0,0.99103,3.32,0.62,11.4
B,7.2,0.52,0.07,1.4,0.07400000000000001,5.0,20.0,0.9973,3.32,0.81,9.6
B,6.6,0.815,0.02,2.7,0.07200000000000001,17.0,34.0,0.9955,3.58,0.89,12.3
A,6.1,0.24,0.26,1.7,0.033,61.0,134.0,0.9903,3.19,0.81,11.9
A,6.6,0.22,0.36,5.5,0.028999999999999998,30.0,105.0,0.99206,3.2,0.47,11.8
B,7.2,0.54,0.27,2.6,0.084,12.0,78.0,0.9964,3.39,0.71,11.0
A,7.5,0.24,0.31,13.1,0.05,26.0,180.0,0.99884,3.05,0.53,9.1
A,7.6,0.1,0.33,1.0,0.031,33.0,93.0,0.9909399999999999,3.06,0.68,11.2
A,7.0,0.39,0.21,10.7,0.098,13.0,91.0,0.9965700000000001,3.03,0.47,9.3
B,7.3,0.49,0.1,2.6,0.068,4.0,14.0,0.9956200000000001,3.3,0.47,10.5
B,9.2,0.46,0.23,2.6,0.091,18.0,77.0,0.9992200000000001,3.15,0.51,9.4
A,6.3,0.19,0.28,1.8,0.022000000000000002,28.0,158.0,0.9907,3.2,0.64,11.4
A,6.6,0.34,0.27,6.2,0.059000000000000004,23.0,136.0,0.9957,3.3,0.49,10.1
A,7.4,0.18,0.29,1.4,0.042,34.0,101.0,0.99384,3.54,0.6,10.5
B,9.7,0.69,0.32,2.5,0.08800000000000001,22.0,91.0,0.9979,3.29,0.62,10.1
A,6.0,0.14,0.37,1.2,0.032,63.0,148.0,0.99185,3.32,0.44,11.2
B,12.6,0.38,0.66,2.6,0.08800000000000001,10.0,41.0,1.001,3.17,0.68,9.8
A,7.6,0.25,0.34,1.3,0.055999999999999994,34.0,176.0,0.99434,3.1,0.51,9.5
B,6.6,0.84,0.03,2.3,0.059000000000000004,32.0,48.0,0.9952,3.52,0.56,12.3
A,6.5,0.21,0.4,7.3,0.040999999999999995,49.0,115.0,0.9926799999999999,3.21,0.43,11.0
B,7.0,0.65,0.02,2.1,0.066,8.0,25.0,0.9972,3.47,0.67,9.5
B,6.8,0.83,0.09,1.8,0.07400000000000001,4.0,25.0,0.99534,3.38,0.45,9.6
A,6.4,0.24,0.23,7.3,0.069,31.0,157.0,0.9962,3.25,0.53,9.1
A,6.8,0.36,0.24,4.6,0.039,24.0,124.0,0.9909,3.27,0.34,12.6
A,7.3,0.18,0.29,1.2,0.044000000000000004,12.0,143.0,0.9918,3.2,0.48,11.3
A,7.0,0.16,0.3,2.6,0.043,34.0,90.0,0.9904700000000001,2.88,0.47,11.2
B,8.0,0.38,0.06,1.8,0.078,12.0,49.0,0.99625,3.37,0.52,9.9
B,9.7,0.42,0.46,2.1,0.07400000000000001,5.0,16.0,0.99649,3.27,0.74,12.3
A,7.7,0.35,0.49,8.65,0.033,42.0,186.0,0.9931,3.14,0.38,12.4
B,8.0,0.6,0.08,2.6,0.055999999999999994,3.0,7.0,0.9928600000000001,3.22,0.37,13.0
A,5.1,0.21,0.28,1.4,0.047,48.0,148.0,0.9916799999999999,3.5,0.49,10.4
A,7.1,0.25,0.31,2.3,0.05,32.0,156.0,0.9914,3.14,0.51,11.4
A,9.3,0.2,0.33,1.7,0.05,28.0,178.0,0.9954,3.16,0.43,9.0
A,6.8,0.27,0.29,4.6,0.046,6.0,88.0,0.9945799999999999,3.34,0.48,10.6
A,6.8,0.24,0.31,18.3,0.046,40.0,142.0,1.0,3.3,0.41,8.7
A,7.0,0.29,0.54,10.7,0.046,59.0,234.0,0.9966,3.05,0.61,9.5
A,6.5,0.29,0.3,9.15,0.051,25.0,166.0,0.99339,3.24,0.56,11.35
A,6.4,0.17,0.3,2.8,0.034,33.0,125.0,0.9915200000000001,3.03,0.49,10.4
A,6.5,0.115,0.29,1.95,0.038,73.0,166.0,0.9890000000000001,3.12,0.25,12.9
A,6.8,0.21,0.31,2.9,0.046,40.0,121.0,0.9913,3.07,0.65,10.9
B,10.6,0.31,0.49,2.2,0.063,18.0,40.0,0.9976,3.14,0.51,9.8
A,5.7,0.21,0.24,2.3,0.047,60.0,189.0,0.995,3.65,0.72,10.1
A,7.0,0.12,0.29,10.3,0.039,41.0,98.0,0.99564,3.19,0.38,9.8
B,11.6,0.41,0.54,1.5,0.095,22.0,41.0,0.99735,3.02,0.76,9.9
A,6.3,0.27,0.37,7.9,0.047,58.0,215.0,0.9954200000000001,3.19,0.48,9.5
B,7.8,0.76,0.04,2.3,0.092,15.0,54.0,0.997,3.26,0.65,9.8
